name,team,year
Terry Allen,Kansas,2000
Barry Alvarez,Wisconsin,2000
Chuck Amato,NC State,2000
Dave Baldwin,San José State,2000
Jerry Baldwin,Louisiana,2000
Gary Barnett,Colorado,2000
Frank Beamer,Virginia Tech,2000
Mike Bellotti,Oregon,2000
Todd Berry,Army,2000
Jack Bicknell,Louisiana Tech,2000
Gary Blackney,Bowling Green,2000
Bobby Bowden,Florida State,2000
Tommy Bowden,Clemson,2000
Jeff Bower,Southern Mississippi,2000
Mack Brown,Texas,2000
Watson Brown,UAB,2000
Keith Burns,Tulsa,2000
Jim Caldwell,Wake Forest,2000
Cam Cameron,Indiana,2000
Lloyd Carr,Michigan,2000
Mike Cavan,SMU,2000
Craig Cirbus,Buffalo,2000
John Cooper,Ohio State,2000
David Cutcliffe,Ole Miss,2000
Gary Darnell,Western Michigan,2000
Bob Davie,Notre Dame,2000
Butch Davis,Miami,2000
Fisher DeBerry,Air Force,2000
Mike DeBord,Central Michigan,2000
Mick Dennehy,Utah State,2000
Darrell Dickey,North Texas,2000
Dana Dimel,Houston,2000
Jim Donnan,Georgia,2000
Mike DuBose,Alabama,2000
Randy Edsall,Connecticut,2000
LaVell Edwards,BYU,2000
Dennis Erickson,Oregon State,2000
Kirk Ferentz,Iowa,2000
Dennis Franchione,TCU,2000
Carl Franks,Duke,2000
Phillip Fulmer,Tennessee,2000
Jim Grobe,Ohio,2000
Paul Hackett,USC,2000
Walt Harris,Pittsburgh,2000
Ken Hatfield,Rice,2000
Pat Hill,Fresno State,2000
Terry Hoeppner,Miami (OH),2000
Joe Hollis,Arkansas State,2000
Tom Holmoe,California,2000
Lou Holtz,South Carolina,2000
June Jones,Hawai'i,2000
Bobby Keasler,Louisiana Monroe,2000
Vic Koenning,Wyoming,2000
Dirk Koetter,Boise State,2000
Mike Kruczek,UCF,2000
Mike Leach,Texas Tech,2000
Jim Leavitt,South Florida,2000
Steve Logan,East Carolina,2000
Rocky Long,New Mexico,2000
Sonny Lubick,Colorado State,2000
Bill Lynch,Ball State,2000
Glen Mason,Minnesota,2000
Ron McBride,Utah,2000
Dan McCarney,Iowa State,2000
Andy McCollum,Middle Tennessee,2000
Rick Minter,Cincinnati,2000
Hal Mumme,Kentucky,2000
Don Nehlen,West Virginia,2000
Rick Neuheisel,Washington,2000
Gary Nord,UTEP,2000
Joe Novak,Northern Illinois,2000
Houston Nutt,Arkansas,2000
Tom O'Brien,Boston College,2000
George O'Leary,Georgia Tech,2000
Lee Owens,Akron,2000
Paul Pasqualoni,Syracuse,2000
Joe Paterno,Penn State,2000
Gary Patterson,TCU,2000
Dean Pees,Kent State,2000
Gary Pinkel,Toledo,2000
Mike Price,Washington State,2000
Bob Pruett,Marshall,2000
John Robinson,UNLV,2000
Nick Saban,LSU,2000
Tony Samuel,New Mexico State,2000
Chris Scelfo,Tulane,2000
Rip Scherer,Memphis,2000
Terry Shea,Rutgers,2000
Jackie Sherrill,Mississippi State,2000
Bob Simmons,Oklahoma State,2000
R.C. Slocum,Texas A&M,2000
John Smith,Louisville,2000
Larry Smith,Missouri,2000
Bill Snyder,Kansas State,2000
Bruce Snyder,Arizona State,2000
Frank Solich,Nebraska,2000
Steve Spurrier,Florida,2000
Kevin Steele,Baylor,2000
Bob Stoops,Oklahoma,2000
Joe Tiller,Purdue,2000
Bob Toledo,UCLA,2000
Ted Tollner,San Diego State,2000
Dick Tomey,Arizona,2000
Carl Torbush,North Carolina,2000
Chris Tormey,Nevada,2000
Tommy Tuberville,Auburn,2000
Ron Turner,Illinois,2000
Ron Vanderlinden,Maryland,2000
Randy Walker,Northwestern,2000
Bobby Wallace,Temple,2000
Charlie Weatherbie,Navy,2000
George Welsh,Virginia,2000
Woody Widenhofer,Vanderbilt,2000
Bobby Williams,Michigan State,2000
Tyrone Willingham,Stanford,2000
Jeff Woodruff,Eastern Michigan,2000
Terry Allen,Kansas,2001
Barry Alvarez,Wisconsin,2001
Chuck Amato,NC State,2001
Tom Amstutz,Toledo,2001
Jerry Baldwin,Louisiana,2001
Gary Barnett,Colorado,2001
Frank Beamer,Virginia Tech,2001
Mike Bellotti,Oregon,2001
Todd Berry,Army,2001
Jack Bicknell,Louisiana Tech,2001
Larry Blakeney,Troy,2001
Bobby Bowden,Florida State,2001
Tommy Bowden,Clemson,2001
Jeff Bower,Southern Mississippi,2001
Mack Brown,Texas,2001
Watson Brown,UAB,2001
John Bunting,North Carolina,2001
Keith Burns,Tulsa,2001
Cam Cameron,Indiana,2001
Lloyd Carr,Michigan,2001
Pete Carroll,USC,2001
Mike Cavan,SMU,2001
Larry Coker,Miami,2001
Gary Crowton,BYU,2001
David Cutcliffe,Ole Miss,2001
Gary Darnell,Western Michigan,2001
Bob Davie,Notre Dame,2001
Fisher DeBerry,Air Force,2001
Mike DeBord,Central Michigan,2001
Mick Dennehy,Utah State,2001
Darrell Dickey,North Texas,2001
Dana Dimel,Houston,2001
Randy Edsall,Connecticut,2001
Dennis Erickson,Oregon State,2001
Kirk Ferentz,Iowa,2001
Dennis Franchione,Alabama,2001
Carl Franks,Duke,2001
Ralph Friedgen,Maryland,2001
Phillip Fulmer,Tennessee,2001
Jim Grobe,Wake Forest,2001
Al Groh,Virginia,2001
Walt Harris,Pittsburgh,2001
Ken Hatfield,Rice,2001
Dan Hawkins,Boise State,2001
Tom Hayes,Kansas,2001
Fitz Hill,San José State,2001
Pat Hill,Fresno State,2001
Terry Hoeppner,Miami (OH),2001
Jim Hofher,Buffalo,2001
Joe Hollis,Arkansas State,2001
Tom Holmoe,California,2001
Lou Holtz,South Carolina,2001
June Jones,Hawai'i,2001
Bobby Keasler,Louisiana Monroe,2001
Brian Knorr,Ohio,2001
Vic Koenning,Wyoming,2001
Dirk Koetter,Arizona State,2001
Mike Kruczek,UCF,2001
Mike Leach,Texas Tech,2001
Jim Leavitt,South Florida,2001
Steve Logan,East Carolina,2001
Rocky Long,New Mexico,2001
Sonny Lubick,Colorado State,2001
Bill Lynch,Ball State,2001
John Mackovic,Arizona,2001
Glen Mason,Minnesota,2001
Ron McBride,Utah,2001
Dan McCarney,Iowa State,2001
Andy McCollum,Middle Tennessee,2001
Urban Meyer,Bowling Green,2001
Les Miles,Oklahoma State,2001
Rick Minter,Cincinnati,2001
Guy Morriss,Kentucky,2001
Rick Neuheisel,Washington,2001
Gary Nord,UTEP,2001
Joe Novak,Northern Illinois,2001
Houston Nutt,Arkansas,2001
Tom O'Brien,Boston College,2001
George O'Leary,Georgia Tech,2001
Lee Owens,Akron,2001
Paul Pasqualoni,Syracuse,2001
Joe Paterno,Penn State,2001
Gary Patterson,TCU,2001
Dean Pees,Kent State,2001
Gary Pinkel,Missouri,2001
Mike Price,Washington State,2001
Bob Pruett,Marshall,2001
Mark Richt,Georgia,2001
John Robinson,UNLV,2001
Rich Rodriguez,West Virginia,2001
Nick Saban,LSU,2001
Tony Samuel,New Mexico State,2001
Chris Scelfo,Tulane,2001
Greg Schiano,Rutgers,2001
Jackie Sherrill,Mississippi State,2001
R.C. Slocum,Texas A&M,2001
John Smith,Louisville,2001
Bill Snyder,Kansas State,2001
Frank Solich,Nebraska,2001
Steve Spurrier,Florida,2001
Kevin Steele,Baylor,2001
Bob Stoops,Oklahoma,2001
Joe Tiller,Purdue,2001
Bob Toledo,UCLA,2001
Ted Tollner,San Diego State,2001
Chris Tormey,Nevada,2001
Jim Tressel,Ohio State,2001
Tommy Tuberville,Auburn,2001
Ron Turner,Illinois,2001
Randy Walker,Northwestern,2001
Bobby Wallace,Temple,2001
Charlie Weatherbie,Navy,2001
Tommy West,Memphis,2001
Woody Widenhofer,Vanderbilt,2001
Bobby Williams,Michigan State,2001
Tyrone Willingham,Stanford,2001
Jeff Woodruff,Eastern Michigan,2001
Barry Alvarez,Wisconsin,2002
Chuck Amato,NC State,2002
Tom Amstutz,Toledo,2002
Gary Barnett,Colorado,2002
Frank Beamer,Virginia Tech,2002
Mike Bellotti,Oregon,2002
Phil Bennett,SMU,2002
Todd Berry,Army,2002
Jack Bicknell,Louisiana Tech,2002
Larry Blakeney,Troy,2002
Bobby Bowden,Florida State,2002
Tommy Bowden,Clemson,2002
Jeff Bower,Southern Mississippi,2002
Mack Brown,Texas,2002
Watson Brown,UAB,2002
John Bunting,North Carolina,2002
Keith Burns,Tulsa,2002
Rickey Bustle,Louisiana,2002
Lloyd Carr,Michigan,2002
Pete Carroll,USC,2002
Larry Coker,Miami,2002
Mike Collins,Louisiana Monroe,2002
Tom Craft,San Diego State,2002
Gary Crowton,BYU,2002
David Cutcliffe,Ole Miss,2002
Gary Darnell,Western Michigan,2002
Fisher DeBerry,Air Force,2002
Mike DeBord,Central Michigan,2002
Mick Dennehy,Utah State,2002
Darrell Dickey,North Texas,2002
Dana Dimel,Houston,2002
Gerry DiNardo,Indiana,2002
Randy Edsall,Connecticut,2002
Dennis Erickson,Oregon State,2002
Kirk Ferentz,Iowa,2002
Dennis Franchione,Alabama,2002
Carl Franks,Duke,2002
Ralph Friedgen,Maryland,2002
Phillip Fulmer,Tennessee,2002
Chan Gailey,Georgia Tech,2002
Jim Grobe,Wake Forest,2002
Al Groh,Virginia,2002
Walt Harris,Pittsburgh,2002
Ken Hatfield,Rice,2002
Dan Hawkins,Boise State,2002
Fitz Hill,San José State,2002
Pat Hill,Fresno State,2002
Terry Hoeppner,Miami (OH),2002
Jim Hofher,Buffalo,2002
Lou Holtz,South Carolina,2002
Bobby Johnson,Vanderbilt,2002
Paul Johnson,Navy,2002
June Jones,Hawai'i,2002
Bobby Keasler,Louisiana Monroe,2002
Brian Knorr,Ohio,2002
Vic Koenning,Wyoming,2002
Dirk Koetter,Arizona State,2002
Mike Kruczek,UCF,2002
Mike Leach,Texas Tech,2002
Jim Leavitt,South Florida,2002
Steve Logan,East Carolina,2002
Rocky Long,New Mexico,2002
Sonny Lubick,Colorado State,2002
Bill Lynch,Ball State,2002
John Mackovic,Arizona,2002
Mark Mangino,Kansas,2002
Glen Mason,Minnesota,2002
Ron McBride,Utah,2002
Dan McCarney,Iowa State,2002
Andy McCollum,Middle Tennessee,2002
Urban Meyer,Bowling Green,2002
Les Miles,Oklahoma State,2002
Rick Minter,Cincinnati,2002
Guy Morriss,Kentucky,2002
Rick Neuheisel,Washington,2002
Gary Nord,UTEP,2002
Joe Novak,Northern Illinois,2002
Houston Nutt,Arkansas,2002
Tom O'Brien,Boston College,2002
Lee Owens,Akron,2002
Paul Pasqualoni,Syracuse,2002
Joe Paterno,Penn State,2002
Gary Patterson,TCU,2002
Dean Pees,Kent State,2002
Gary Pinkel,Missouri,2002
Mike Price,Washington State,2002
Bob Pruett,Marshall,2002
Mark Richt,Georgia,2002
Steve Roberts,Arkansas State,2002
John Robinson,UNLV,2002
Rich Rodriguez,West Virginia,2002
Nick Saban,LSU,2002
Tony Samuel,New Mexico State,2002
Chris Scelfo,Tulane,2002
Greg Schiano,Rutgers,2002
Jackie Sherrill,Mississippi State,2002
R.C. Slocum,Texas A&M,2002
John Smith,Louisville,2002
Bill Snyder,Kansas State,2002
Frank Solich,Nebraska,2002
Kevin Steele,Baylor,2002
Bob Stoops,Oklahoma,2002
Jeff Tedford,California,2002
Buddy Teevens,Stanford,2002
Joe Tiller,Purdue,2002
Bob Toledo,UCLA,2002
Chris Tormey,Nevada,2002
Jim Tressel,Ohio State,2002
Tommy Tuberville,Auburn,2002
Ron Turner,Illinois,2002
Randy Walker,Northwestern,2002
Bobby Wallace,Temple,2002
Morris Watts,Michigan State,2002
Tommy West,Memphis,2002
Bobby Williams,Michigan State,2002
Tyrone Willingham,Notre Dame,2002
Jeff Woodruff,Eastern Michigan,2002
Ron Zook,Florida,2002
Barry Alvarez,Wisconsin,2003
Chuck Amato,NC State,2003
Tom Amstutz,Toledo,2003
Gary Barnett,Colorado,2003
Frank Beamer,Virginia Tech,2003
Mike Bellotti,Oregon,2003
Phil Bennett,SMU,2003
Todd Berry,Army,2003
Jack Bicknell,Louisiana Tech,2003
Larry Blakeney,Troy,2003
Bobby Bowden,Florida State,2003
Tommy Bowden,Clemson,2003
Jeff Bower,Southern Mississippi,2003
Gregg Brandon,Bowling Green,2003
Art Briles,Houston,2003
Rich Brooks,Kentucky,2003
Mack Brown,Texas,2003
Watson Brown,UAB,2003
John Bunting,North Carolina,2003
Rickey Bustle,Louisiana,2003
Lloyd Carr,Michigan,2003
Pete Carroll,USC,2003
Larry Coker,Miami,2003
Tom Craft,San Diego State,2003
Gary Crowton,BYU,2003
David Cutcliffe,Ole Miss,2003
Gary Darnell,Western Michigan,2003
Fisher DeBerry,Air Force,2003
Mike DeBord,Central Michigan,2003
Mick Dennehy,Utah State,2003
Darrell Dickey,North Texas,2003
Gerry DiNardo,Indiana,2003
Bill Doba,Washington State,2003
Karl Dorrell,UCLA,2003
Randy Edsall,Connecticut,2003
Kirk Ferentz,Iowa,2003
Dennis Franchione,Texas A&M,2003
Carl Franks,Duke,2003
Ralph Friedgen,Maryland,2003
Phillip Fulmer,Tennessee,2003
Chan Gailey,Georgia Tech,2003
Keith Gilbertson,Washington,2003
Joe Glenn,Wyoming,2003
Alan Gooch,UCF,2003
Jim Grobe,Wake Forest,2003
Al Groh,Virginia,2003
Walt Harris,Pittsburgh,2003
Ken Hatfield,Rice,2003
Dan Hawkins,Boise State,2003
Fitz Hill,San José State,2003
Pat Hill,Fresno State,2003
Terry Hoeppner,Miami (OH),2003
Jim Hofher,Buffalo,2003
Brady Hoke,Ball State,2003
Lou Holtz,South Carolina,2003
Bobby Johnson,Vanderbilt,2003
Paul Johnson,Navy,2003
June Jones,Hawai'i,2003
Brian Knorr,Ohio,2003
Dirk Koetter,Arizona State,2003
Steve Kragthorpe,Tulsa,2003
Mike Kruczek,UCF,2003
Mike Leach,Texas Tech,2003
Jim Leavitt,South Florida,2003
Rocky Long,New Mexico,2003
Sonny Lubick,Colorado State,2003
John Mackovic,Arizona,2003
Mark Mangino,Kansas,2003
Glen Mason,Minnesota,2003
Dan McCarney,Iowa State,2003
Andy McCollum,Middle Tennessee,2003
Urban Meyer,Utah,2003
Les Miles,Oklahoma State,2003
Rick Minter,Cincinnati,2003
Guy Morriss,Baylor,2003
John Mumford,Army,2003
Gary Nord,UTEP,2003
Joe Novak,Northern Illinois,2003
Houston Nutt,Arkansas,2003
Tom O'Brien,Boston College,2003
Lee Owens,Akron,2003
Paul Pasqualoni,Syracuse,2003
Joe Paterno,Penn State,2003
Gary Patterson,TCU,2003
Dean Pees,Kent State,2003
Bo Pelini,Nebraska,2003
Bobby Petrino,Louisville,2003
Gary Pinkel,Missouri,2003
Bob Pruett,Marshall,2003
Mark Richt,Georgia,2003
Mike Riley,Oregon State,2003
Steve Roberts,Arkansas State,2003
John Robinson,UNLV,2003
Rich Rodriguez,West Virginia,2003
Ted Roof,Duke,2003
Nick Saban,LSU,2003
Tony Samuel,New Mexico State,2003
Chris Scelfo,Tulane,2003
Greg Schiano,Rutgers,2003
Jackie Sherrill,Mississippi State,2003
Mike Shula,Alabama,2003
John Smith,Michigan State,2003
Bill Snyder,Kansas State,2003
Frank Solich,Nebraska,2003
Bob Stoops,Oklahoma,2003
Jeff Tedford,California,2003
Buddy Teevens,Stanford,2003
John Thompson,East Carolina,2003
Joe Tiller,Purdue,2003
Chris Tormey,Nevada,2003
Jim Tressel,Ohio State,2003
Tommy Tuberville,Auburn,2003
Ron Turner,Illinois,2003
Randy Walker,Northwestern,2003
Bobby Wallace,Temple,2003
Charlie Weatherbie,Louisiana Monroe,2003
Tommy West,Memphis,2003
Tyrone Willingham,Notre Dame,2003
Jeff Woodruff,Eastern Michigan,2003
Ron Zook,Florida,2003
Barry Alvarez,Wisconsin,2004
Chuck Amato,NC State,2004
Tom Amstutz,Toledo,2004
Chris Ault,Nevada,2004
Gary Barnett,Colorado,2004
Frank Beamer,Virginia Tech,2004
Mike Bellotti,Oregon,2004
Phil Bennett,SMU,2004
Jack Bicknell,Louisiana Tech,2004
Larry Blakeney,Troy,2004
Bobby Bowden,Florida State,2004
Tommy Bowden,Clemson,2004
Jeff Bower,Southern Mississippi,2004
Gregg Brandon,Bowling Green,2004
Art Briles,Houston,2004
J.D. Brookhart,Akron,2004
Rich Brooks,Kentucky,2004
Mack Brown,Texas,2004
Watson Brown,UAB,2004
John Bunting,North Carolina,2004
Rickey Bustle,Louisiana,2004
Bill Callahan,Nebraska,2004
Lloyd Carr,Michigan,2004
Pete Carroll,USC,2004
Larry Coker,Miami,2004
Tom Craft,San Diego State,2004
Sylvester Croom,Mississippi State,2004
Gary Crowton,BYU,2004
David Cutcliffe,Ole Miss,2004
Mark Dantonio,Cincinnati,2004
Gary Darnell,Western Michigan,2004
Fisher DeBerry,Air Force,2004
Mick Dennehy,Utah State,2004
Darrell Dickey,North Texas,2004
Gerry DiNardo,Indiana,2004
Bill Doba,Washington State,2004
Karl Dorrell,UCLA,2004
Randy Edsall,Connecticut,2004
Kirk Ferentz,Iowa,2004
Dennis Franchione,Texas A&M,2004
Ralph Friedgen,Maryland,2004
Phillip Fulmer,Tennessee,2004
Chan Gailey,Georgia Tech,2004
Jeff Genyk,Eastern Michigan,2004
Keith Gilbertson,Washington,2004
Joe Glenn,Wyoming,2004
Jim Grobe,Wake Forest,2004
Al Groh,Virginia,2004
Walt Harris,Pittsburgh,2004
Ken Hatfield,Rice,2004
Dan Hawkins,Boise State,2004
Fitz Hill,San José State,2004
Pat Hill,Fresno State,2004
Terry Hoeppner,Miami (OH),2004
Jim Hofher,Buffalo,2004
Brady Hoke,Ball State,2004
Nick Holt,Idaho,2004
Lou Holtz,South Carolina,2004
Bobby Johnson,Vanderbilt,2004
Paul Johnson,Navy,2004
June Jones,Hawai'i,2004
Brian Kelly,Central Michigan,2004
Brian Knorr,Ohio,2004
Dirk Koetter,Arizona State,2004
Steve Kragthorpe,Tulsa,2004
Mike Leach,Texas Tech,2004
Jim Leavitt,South Florida,2004
Rocky Long,New Mexico,2004
Sonny Lubick,Colorado State,2004
Mark Mangino,Kansas,2004
Doug Martin,Kent State,2004
Glen Mason,Minnesota,2004
Dan McCarney,Iowa State,2004
Andy McCollum,Middle Tennessee,2004
Urban Meyer,Utah,2004
Les Miles,Oklahoma State,2004
Guy Morriss,Baylor,2004
Joe Novak,Northern Illinois,2004
Houston Nutt,Arkansas,2004
Tom O'Brien,Boston College,2004
George O'Leary,UCF,2004
Paul Pasqualoni,Syracuse,2004
Joe Paterno,Penn State,2004
Gary Patterson,TCU,2004
Bobby Petrino,Louisville,2004
Gary Pinkel,Missouri,2004
Mike Price,UTEP,2004
Bob Pruett,Marshall,2004
Mark Richt,Georgia,2004
Mike Riley,Oregon State,2004
Steve Roberts,Arkansas State,2004
John Robinson,UNLV,2004
Rich Rodriguez,West Virginia,2004
Ted Roof,Duke,2004
Bobby Ross,Army,2004
Nick Saban,LSU,2004
Tony Samuel,New Mexico State,2004
Chris Scelfo,Tulane,2004
Greg Schiano,Rutgers,2004
Howard Schnellenberger,Florida Atlantic,2004
Mike Shula,Alabama,2004
John Smith,Michigan State,2004
Bill Snyder,Kansas State,2004
Bob Stoops,Oklahoma,2004
Mike Stoops,Arizona,2004
Don Strock,Florida International,2004
Charlie Strong,Florida,2004
Jeff Tedford,California,2004
Buddy Teevens,Stanford,2004
John Thompson,East Carolina,2004
Joe Tiller,Purdue,2004
Jim Tressel,Ohio State,2004
Tommy Tuberville,Auburn,2004
Ron Turner,Illinois,2004
Randy Walker,Northwestern,2004
Bobby Wallace,Temple,2004
Charlie Weatherbie,Louisiana Monroe,2004
Tommy West,Memphis,2004
Kyle Whittingham,Utah,2004
Tyrone Willingham,Notre Dame,2004
Ron Zook,Florida,2004
Barry Alvarez,Wisconsin,2005
Chuck Amato,NC State,2005
Tom Amstutz,Toledo,2005
Chris Ault,Nevada,2005
Gary Barnett,Colorado,2005
Frank Beamer,Virginia Tech,2005
Mike Bellotti,Oregon,2005
Phil Bennett,SMU,2005
Jack Bicknell,Louisiana Tech,2005
Larry Blakeney,Troy,2005
Bobby Bowden,Florida State,2005
Tommy Bowden,Clemson,2005
Jeff Bower,Southern Mississippi,2005
Gregg Brandon,Bowling Green,2005
Art Briles,Houston,2005
J.D. Brookhart,Akron,2005
Rich Brooks,Kentucky,2005
Mack Brown,Texas,2005
Watson Brown,UAB,2005
John Bunting,North Carolina,2005
Rickey Bustle,Louisiana,2005
Bill Callahan,Nebraska,2005
Lloyd Carr,Michigan,2005
Pete Carroll,USC,2005
Larry Coker,Miami,2005
Tom Craft,San Diego State,2005
Sylvester Croom,Mississippi State,2005
Bill Cubit,Western Michigan,2005
Mark Dantonio,Cincinnati,2005
Fisher DeBerry,Air Force,2005
Darrell Dickey,North Texas,2005
Bill Doba,Washington State,2005
Karl Dorrell,UCLA,2005
Randy Edsall,Connecticut,2005
Kirk Ferentz,Iowa,2005
Dennis Franchione,Texas A&M,2005
Ralph Friedgen,Maryland,2005
Phillip Fulmer,Tennessee,2005
Chan Gailey,Georgia Tech,2005
Jeff Genyk,Eastern Michigan,2005
Joe Glenn,Wyoming,2005
Jim Grobe,Wake Forest,2005
Al Groh,Virginia,2005
Mike Gundy,Oklahoma State,2005
Brent Guy,Utah State,2005
Walt Harris,Stanford,2005
Ken Hatfield,Rice,2005
Dan Hawkins,Boise State,2005
Pat Hill,Fresno State,2005
Terry Hoeppner,Indiana,2005
Jim Hofher,Buffalo,2005
Brady Hoke,Ball State,2005
Nick Holt,Idaho,2005
Skip Holtz,East Carolina,2005
Bobby Johnson,Vanderbilt,2005
Paul Johnson,Navy,2005
June Jones,Hawai'i,2005
Brian Kelly,Central Michigan,2005
Dirk Koetter,Arizona State,2005
Steve Kragthorpe,Tulsa,2005
Mike Leach,Texas Tech,2005
Jim Leavitt,South Florida,2005
Rocky Long,New Mexico,2005
Sonny Lubick,Colorado State,2005
Mark Mangino,Kansas,2005
Doug Martin,Kent State,2005
Glen Mason,Minnesota,2005
Dan McCarney,Iowa State,2005
Andy McCollum,Middle Tennessee,2005
Bronco Mendenhall,BYU,2005
Urban Meyer,Florida,2005
Les Miles,LSU,2005
Shane Montgomery,Miami (OH),2005
Guy Morriss,Baylor,2005
Hal Mumme,New Mexico State,2005
Joe Novak,Northern Illinois,2005
Houston Nutt,Arkansas,2005
Tom O'Brien,Boston College,2005
George O'Leary,UCF,2005
Ed Orgeron,Ole Miss,2005
Joe Paterno,Penn State,2005
Gary Patterson,TCU,2005
Bobby Petrino,Louisville,2005
Gary Pinkel,Missouri,2005
Mike Price,UTEP,2005
Mark Richt,Georgia,2005
Mike Riley,Oregon State,2005
Steve Roberts,Arkansas State,2005
Greg Robinson,Syracuse,2005
Rich Rodriguez,West Virginia,2005
Ted Roof,Duke,2005
Bobby Ross,Army,2005
Mike Sanford,UNLV,2005
Chris Scelfo,Tulane,2005
Greg Schiano,Rutgers,2005
Howard Schnellenberger,Florida Atlantic,2005
Mike Shula,Alabama,2005
John Smith,Michigan State,2005
Bill Snyder,Kansas State,2005
Mark Snyder,Marshall,2005
Frank Solich,Ohio,2005
Steve Spurrier,South Carolina,2005
Bob Stoops,Oklahoma,2005
Mike Stoops,Arizona,2005
Don Strock,Florida International,2005
Jeff Tedford,California,2005
Joe Tiller,Purdue,2005
Dick Tomey,San José State,2005
Jim Tressel,Ohio State,2005
Tommy Tuberville,Auburn,2005
Randy Walker,Northwestern,2005
Bobby Wallace,Temple,2005
Dave Wannstedt,Pittsburgh,2005
Charlie Weatherbie,Louisiana Monroe,2005
Charlie Weis,Notre Dame,2005
Tommy West,Memphis,2005
Kyle Whittingham,Utah,2005
Tyrone Willingham,Washington,2005
Ron Zook,Illinois,2005
Chuck Amato,NC State,2006
Tom Amstutz,Toledo,2006
Chris Ault,Nevada,2006
Frank Beamer,Virginia Tech,2006
Mike Bellotti,Oregon,2006
Phil Bennett,SMU,2006
Jack Bicknell,Louisiana Tech,2006
Bret Bielema,Wisconsin,2006
Larry Blakeney,Troy,2006
Bobby Bowden,Florida State,2006
Tommy Bowden,Clemson,2006
Jeff Bower,Southern Mississippi,2006
Gregg Brandon,Bowling Green,2006
Art Briles,Houston,2006
J.D. Brookhart,Akron,2006
Rich Brooks,Kentucky,2006
Mack Brown,Texas,2006
Watson Brown,UAB,2006
John Bunting,North Carolina,2006
Rickey Bustle,Louisiana,2006
Bill Callahan,Nebraska,2006
Lloyd Carr,Michigan,2006
Pete Carroll,USC,2006
Larry Coker,Miami,2006
Sylvester Croom,Mississippi State,2006
Bill Cubit,Western Michigan,2006
Mark Dantonio,Cincinnati,2006
Fisher DeBerry,Air Force,2006
Darrell Dickey,North Texas,2006
Bill Doba,Washington State,2006
Karl Dorrell,UCLA,2006
Randy Edsall,Connecticut,2006
Dennis Erickson,Idaho,2006
Kirk Ferentz,Iowa,2006
Pat Fitzgerald,Northwestern,2006
Dennis Franchione,Texas A&M,2006
Ralph Friedgen,Maryland,2006
Phillip Fulmer,Tennessee,2006
Chan Gailey,Georgia Tech,2006
Jeff Genyk,Eastern Michigan,2006
Turner Gill,Buffalo,2006
Joe Glenn,Wyoming,2006
Al Golden,Temple,2006
Todd Graham,Rice,2006
Jim Grobe,Wake Forest,2006
Al Groh,Virginia,2006
Mike Gundy,Oklahoma State,2006
Brent Guy,Utah State,2006
Walt Harris,Stanford,2006
Dan Hawkins,Colorado,2006
Pat Hill,Fresno State,2006
Terry Hoeppner,Indiana,2006
Brady Hoke,Ball State,2006
Skip Holtz,East Carolina,2006
Bobby Johnson,Vanderbilt,2006
Paul Johnson,Navy,2006
June Jones,Hawai'i,2006
Brian Kelly,Central Michigan,2006
Dirk Koetter,Arizona State,2006
Steve Kragthorpe,Tulsa,2006
Mike Leach,Texas Tech,2006
Jim Leavitt,South Florida,2006
Chuck Long,San Diego State,2006
Rocky Long,New Mexico,2006
Sonny Lubick,Colorado State,2006
Mark Mangino,Kansas,2006
Doug Martin,Kent State,2006
Glen Mason,Minnesota,2006
Dan McCarney,Iowa State,2006
Bronco Mendenhall,BYU,2006
Urban Meyer,Florida,2006
Les Miles,LSU,2006
Shane Montgomery,Miami (OH),2006
Guy Morriss,Baylor,2006
Hal Mumme,New Mexico State,2006
Joe Novak,Northern Illinois,2006
Houston Nutt,Arkansas,2006
Tom O'Brien,Boston College,2006
George O'Leary,UCF,2006
Ed Orgeron,Ole Miss,2006
Joe Paterno,Penn State,2006
Gary Patterson,TCU,2006
Chris Petersen,Boise State,2006
Bobby Petrino,Louisville,2006
Gary Pinkel,Missouri,2006
Mike Price,UTEP,2006
Ron Prince,Kansas State,2006
Mark Richt,Georgia,2006
Mike Riley,Oregon State,2006
Steve Roberts,Arkansas State,2006
Greg Robinson,Syracuse,2006
Rich Rodriguez,West Virginia,2006
Ted Roof,Duke,2006
Bobby Ross,Army,2006
Mike Sanford,UNLV,2006
Chris Scelfo,Tulane,2006
Greg Schiano,Rutgers,2006
Howard Schnellenberger,Florida Atlantic,2006
Mike Shula,Alabama,2006
John Smith,Michigan State,2006
Mark Snyder,Marshall,2006
Frank Solich,Ohio,2006
Steve Spurrier,South Carolina,2006
Rick Stockstill,Middle Tennessee,2006
Bob Stoops,Oklahoma,2006
Mike Stoops,Arizona,2006
Don Strock,Florida International,2006
Jeff Tedford,California,2006
Joe Tiller,Purdue,2006
Dick Tomey,San José State,2006
Jim Tressel,Ohio State,2006
Tommy Tuberville,Auburn,2006
Dave Wannstedt,Pittsburgh,2006
Charlie Weatherbie,Louisiana Monroe,2006
Charlie Weis,Notre Dame,2006
Tommy West,Memphis,2006
Kyle Whittingham,Utah,2006
Tyrone Willingham,Washington,2006
Ron Zook,Illinois,2006
Tom Amstutz,Toledo,2007
Chris Ault,Nevada,2007
David Bailiff,Rice,2007
Frank Beamer,Virginia Tech,2007
Mike Bellotti,Oregon,2007
Phil Bennett,SMU,2007
Bret Bielema,Wisconsin,2007
Larry Blakeney,Troy,2007
Bobby Bowden,Florida State,2007
Tommy Bowden,Clemson,2007
Jeff Bower,Southern Mississippi,2007
Gregg Brandon,Bowling Green,2007
Tim Brewster,Minnesota,2007
Art Briles,Houston,2007
Stan Brock,Army,2007
J.D. Brookhart,Akron,2007
Rich Brooks,Kentucky,2007
Mack Brown,Texas,2007
Rickey Bustle,Louisiana,2007
Troy Calhoun,Air Force,2007
Bill Callahan,Nebraska,2007
Neil Callaway,UAB,2007
Lloyd Carr,Michigan,2007
Pete Carroll,USC,2007
Gene Chizik,Iowa State,2007
Mario Cristobal,Florida International,2007
Sylvester Croom,Mississippi State,2007
Bill Cubit,Western Michigan,2007
Mark Dantonio,Michigan State,2007
Butch Davis,North Carolina,2007
Bill Doba,Washington State,2007
Todd Dodge,North Texas,2007
Derek Dooley,Louisiana Tech,2007
Karl Dorrell,UCLA,2007
Randy Edsall,Connecticut,2007
David Elson,Western Kentucky,2007
Dennis Erickson,Arizona State,2007
Kirk Ferentz,Iowa,2007
Pat Fitzgerald,Northwestern,2007
Dennis Franchione,Texas A&M,2007
Ralph Friedgen,Maryland,2007
Phillip Fulmer,Tennessee,2007
Chan Gailey,Georgia Tech,2007
Jeff Genyk,Eastern Michigan,2007
Turner Gill,Buffalo,2007
Joe Glenn,Wyoming,2007
Al Golden,Temple,2007
Todd Graham,Tulsa,2007
Jim Grobe,Wake Forest,2007
Al Groh,Virginia,2007
Mike Gundy,Oklahoma State,2007
Brent Guy,Utah State,2007
Jim Harbaugh,Stanford,2007
Dan Hawkins,Colorado,2007
Pat Hill,Fresno State,2007
Brady Hoke,Ball State,2007
Skip Holtz,East Carolina,2007
Jeff Jagodzinski,Boston College,2007
Bobby Johnson,Vanderbilt,2007
Paul Johnson,Navy,2007
Butch Jones,Central Michigan,2007
June Jones,Hawai'i,2007
Brian Kelly,Cincinnati,2007
Steve Kragthorpe,Louisville,2007
Mike Leach,Texas Tech,2007
Jim Leavitt,South Florida,2007
Chuck Long,San Diego State,2007
Rocky Long,New Mexico,2007
Sonny Lubick,Colorado State,2007
Bill Lynch,Indiana,2007
Mark Mangino,Kansas,2007
Doug Martin,Kent State,2007
Bronco Mendenhall,BYU,2007
Urban Meyer,Florida,2007
Les Miles,LSU,2007
Shane Montgomery,Miami (OH),2007
Guy Morriss,Baylor,2007
Hal Mumme,New Mexico State,2007
Ken Niumatalolo,Navy,2007
Joe Novak,Northern Illinois,2007
Houston Nutt,Arkansas,2007
Tom O'Brien,NC State,2007
George O'Leary,UCF,2007
Ed Orgeron,Ole Miss,2007
Joe Paterno,Penn State,2007
Gary Patterson,TCU,2007
Chris Petersen,Boise State,2007
Gary Pinkel,Missouri,2007
Mike Price,UTEP,2007
Ron Prince,Kansas State,2007
Mark Richt,Georgia,2007
Mike Riley,Oregon State,2007
Steve Roberts,Arkansas State,2007
Greg Robinson,Syracuse,2007
Rich Rodriguez,West Virginia,2007
Ted Roof,Duke,2007
Nick Saban,Alabama,2007
Mike Sanford,UNLV,2007
Greg Schiano,Rutgers,2007
Howard Schnellenberger,Florida Atlantic,2007
Randy Shannon,Miami,2007
Mark Snyder,Marshall,2007
Frank Solich,Ohio,2007
Steve Spurrier,South Carolina,2007
Rick Stockstill,Middle Tennessee,2007
Bob Stoops,Oklahoma,2007
Mike Stoops,Arizona,2007
Jeff Tedford,California,2007
Jon Tenuta,Georgia Tech,2007
Joe Tiller,Purdue,2007
Bob Toledo,Tulane,2007
Dick Tomey,San José State,2007
Jim Tressel,Ohio State,2007
Tommy Tuberville,Auburn,2007
DeWayne Walker,UCLA,2007
Dave Wannstedt,Pittsburgh,2007
Charlie Weatherbie,Louisiana Monroe,2007
Charlie Weis,Notre Dame,2007
Tommy West,Memphis,2007
Kyle Whittingham,Utah,2007
Tyrone Willingham,Washington,2007
Ron Zook,Illinois,2007
Tom Amstutz,Toledo,2008
Chris Ault,Nevada,2008
David Bailiff,Rice,2008
Frank Beamer,Virginia Tech,2008
Mike Bellotti,Oregon,2008
Bret Bielema,Wisconsin,2008
Larry Blakeney,Troy,2008
Bobby Bowden,Florida State,2008
Tommy Bowden,Clemson,2008
Gregg Brandon,Bowling Green,2008
Tim Brewster,Minnesota,2008
Art Briles,Baylor,2008
Stan Brock,Army,2008
J.D. Brookhart,Akron,2008
Rich Brooks,Kentucky,2008
Mack Brown,Texas,2008
Rickey Bustle,Louisiana,2008
Troy Calhoun,Air Force,2008
Neil Callaway,UAB,2008
Pete Carroll,USC,2008
Gene Chizik,Iowa State,2008
Mario Cristobal,Florida International,2008
Sylvester Croom,Mississippi State,2008
Bill Cubit,Western Michigan,2008
David Cutcliffe,Duke,2008
Mark Dantonio,Michigan State,2008
Butch Davis,North Carolina,2008
Todd Dodge,North Texas,2008
Derek Dooley,Louisiana Tech,2008
Randy Edsall,Connecticut,2008
David Elson,Western Kentucky,2008
Dennis Erickson,Arizona State,2008
Steve Fairchild,Colorado State,2008
Larry Fedora,Southern Mississippi,2008
Kirk Ferentz,Iowa,2008
Pat Fitzgerald,Northwestern,2008
Ralph Friedgen,Maryland,2008
Phillip Fulmer,Tennessee,2008
Jeff Genyk,Eastern Michigan,2008
Turner Gill,Buffalo,2008
Joe Glenn,Wyoming,2008
Al Golden,Temple,2008
Todd Graham,Tulsa,2008
Jim Grobe,Wake Forest,2008
Al Groh,Virginia,2008
Mike Gundy,Oklahoma State,2008
Brent Guy,Utah State,2008
Jim Harbaugh,Stanford,2008
Dan Hawkins,Colorado,2008
Pat Hill,Fresno State,2008
Brady Hoke,Ball State,2008
Skip Holtz,East Carolina,2008
Jeff Jagodzinski,Boston College,2008
Bobby Johnson,Vanderbilt,2008
Paul Johnson,Georgia Tech,2008
Butch Jones,Central Michigan,2008
June Jones,SMU,2008
Brian Kelly,Cincinnati,2008
Jerry Kill,Northern Illinois,2008
Steve Kragthorpe,Louisville,2008
Mike Leach,Texas Tech,2008
Jim Leavitt,South Florida,2008
Chuck Long,San Diego State,2008
Rocky Long,New Mexico,2008
Bill Lynch,Indiana,2008
Mark Mangino,Kansas,2008
Doug Martin,Kent State,2008
Greg McMackin,Hawai'i,2008
Bronco Mendenhall,BYU,2008
Urban Meyer,Florida,2008
Les Miles,LSU,2008
Shane Montgomery,Miami (OH),2008
Hal Mumme,New Mexico State,2008
Rick Neuheisel,UCLA,2008
Ken Niumatalolo,Navy,2008
Houston Nutt,Ole Miss,2008
Tom O'Brien,NC State,2008
George O'Leary,UCF,2008
Stan Parrish,Ball State,2008
Joe Paterno,Penn State,2008
Gary Patterson,TCU,2008
Bo Pelini,Nebraska,2008
Chris Petersen,Boise State,2008
Bobby Petrino,Arkansas,2008
Gary Pinkel,Missouri,2008
Mike Price,UTEP,2008
Ron Prince,Kansas State,2008
Mark Richt,Georgia,2008
Mike Riley,Oregon State,2008
Steve Roberts,Arkansas State,2008
Greg Robinson,Syracuse,2008
Rich Rodriguez,Michigan,2008
Nick Saban,Alabama,2008
Mike Sanford,UNLV,2008
Greg Schiano,Rutgers,2008
Howard Schnellenberger,Florida Atlantic,2008
Randy Shannon,Miami,2008
Mike Sherman,Texas A&M,2008
Mark Snyder,Marshall,2008
Frank Solich,Ohio,2008
Steve Spurrier,South Carolina,2008
Bill Stewart,West Virginia,2008
Rick Stockstill,Middle Tennessee,2008
Bob Stoops,Oklahoma,2008
Mike Stoops,Arizona,2008
Kevin Sumlin,Houston,2008
Dabo Swinney,Clemson,2008
Jeff Tedford,California,2008
Joe Tiller,Purdue,2008
Bob Toledo,Tulane,2008
Dick Tomey,San José State,2008
Jim Tressel,Ohio State,2008
Tommy Tuberville,Auburn,2008
Dave Wannstedt,Pittsburgh,2008
Charlie Weatherbie,Louisiana Monroe,2008
Charlie Weis,Notre Dame,2008
Tommy West,Memphis,2008
Kyle Whittingham,Utah,2008
Tyrone Willingham,Washington,2008
Paul Wulff,Washington State,2008
Ron Zook,Illinois,2008
Gary Andersen,Utah State,2009
Chris Ault,Nevada,2009
David Bailiff,Rice,2009
Frank Beamer,Virginia Tech,2009
Tim Beckman,Toledo,2009
Bret Bielema,Wisconsin,2009
Larry Blakeney,Troy,2009
Bobby Bowden,Florida State,2009
Tim Brewster,Minnesota,2009
Art Briles,Baylor,2009
J.D. Brookhart,Akron,2009
Rich Brooks,Kentucky,2009
Mack Brown,Texas,2009
Rickey Bustle,Louisiana,2009
Troy Calhoun,Air Force,2009
Neil Callaway,UAB,2009
Pete Carroll,USC,2009
Gene Chizik,Auburn,2009
Dave Christensen,Wyoming,2009
Dave Clawson,Bowling Green,2009
Mario Cristobal,Florida International,2009
Bill Cubit,Western Michigan,2009
David Cutcliffe,Duke,2009
Mark Dantonio,Michigan State,2009
Butch Davis,North Carolina,2009
Todd Dodge,North Texas,2009
Derek Dooley,Louisiana Tech,2009
Randy Edsall,Connecticut,2009
Rich Ellerson,Army,2009
David Elson,Western Kentucky,2009
Ron English,Eastern Michigan,2009
Dennis Erickson,Arizona State,2009
Steve Fairchild,Colorado State,2009
Larry Fedora,Southern Mississippi,2009
Kirk Ferentz,Iowa,2009
Pat Fitzgerald,Northwestern,2009
Ralph Friedgen,Maryland,2009
Turner Gill,Buffalo,2009
Al Golden,Temple,2009
Todd Graham,Tulsa,2009
Jim Grobe,Wake Forest,2009
Al Groh,Virginia,2009
Mike Gundy,Oklahoma State,2009
Jim Harbaugh,Stanford,2009
Dan Hawkins,Colorado,2009
Michael Haywood,Miami (OH),2009
Pat Hill,Fresno State,2009
Brady Hoke,San Diego State,2009
Skip Holtz,East Carolina,2009
Danny Hope,Purdue,2009
Bobby Johnson,Vanderbilt,2009
Paul Johnson,Georgia Tech,2009
Butch Jones,Central Michigan,2009
June Jones,SMU,2009
Brian Kelly,Cincinnati,2009
Chip Kelly,Oregon,2009
Lane Kiffin,Tennessee,2009
Jerry Kill,Northern Illinois,2009
Steve Kragthorpe,Louisville,2009
Mike Leach,Texas Tech,2009
Jim Leavitt,South Florida,2009
Mike Locksley,New Mexico,2009
Bill Lynch,Indiana,2009
Mark Mangino,Kansas,2009
Doug Marrone,Syracuse,2009
Doug Martin,Kent State,2009
Greg McMackin,Hawai'i,2009
Bronco Mendenhall,BYU,2009
Urban Meyer,Florida,2009
Les Miles,LSU,2009
Dan Mullen,Mississippi State,2009
Rick Neuheisel,UCLA,2009
Ken Niumatalolo,Navy,2009
Houston Nutt,Ole Miss,2009
Tom O'Brien,NC State,2009
George O'Leary,UCF,2009
Stan Parrish,Ball State,2009
Joe Paterno,Penn State,2009
Gary Patterson,TCU,2009
Bo Pelini,Nebraska,2009
Chris Petersen,Boise State,2009
Bobby Petrino,Arkansas,2009
Gary Pinkel,Missouri,2009
Mike Price,UTEP,2009
Paul Rhoads,Iowa State,2009
Mark Richt,Georgia,2009
Mike Riley,Oregon State,2009
Steve Roberts,Arkansas State,2009
Rich Rodriguez,Michigan,2009
Nick Saban,Alabama,2009
Mike Sanford,UNLV,2009
Steve Sarkisian,Washington,2009
Greg Schiano,Rutgers,2009
Howard Schnellenberger,Florida Atlantic,2009
Randy Shannon,Miami,2009
Mike Sherman,Texas A&M,2009
Bill Snyder,Kansas State,2009
Mark Snyder,Marshall,2009
Frank Solich,Ohio,2009
Frank Spaziani,Boston College,2009
Steve Spurrier,South Carolina,2009
Bill Stewart,West Virginia,2009
Rick Stockstill,Middle Tennessee,2009
Bob Stoops,Oklahoma,2009
Mike Stoops,Arizona,2009
Kevin Sumlin,Houston,2009
Dabo Swinney,Clemson,2009
Jeff Tedford,California,2009
Bob Toledo,Tulane,2009
Dick Tomey,San José State,2009
Jim Tressel,Ohio State,2009
DeWayne Walker,New Mexico State,2009
Dave Wannstedt,Pittsburgh,2009
Charlie Weatherbie,Louisiana Monroe,2009
Charlie Weis,Notre Dame,2009
Tommy West,Memphis,2009
Kyle Whittingham,Utah,2009
Paul Wulff,Washington State,2009
Ron Zook,Illinois,2009
Gary Andersen,Utah State,2010
Chris Ault,Nevada,2010
David Bailiff,Rice,2010
Frank Beamer,Virginia Tech,2010
Tim Beckman,Toledo,2010
Phil Bennett,Pittsburgh,2010
Todd Berry,Louisiana Monroe,2010
Bret Bielema,Wisconsin,2010
Larry Blakeney,Troy,2010
Tim Brewster,Minnesota,2010
Art Briles,Baylor,2010
Mack Brown,Texas,2010
Rickey Bustle,Louisiana,2010
Robbie Caldwell,Vanderbilt,2010
Troy Calhoun,Air Force,2010
Neil Callaway,UAB,2010
Mike Canales,North Texas,2010
Gene Chizik,Auburn,2010
Dave Christensen,Wyoming,2010
Dave Clawson,Bowling Green,2010
Mario Cristobal,Florida International,2010
Bill Cubit,Western Michigan,2010
David Cutcliffe,Duke,2010
Mark Dantonio,Michigan State,2010
Butch Davis,North Carolina,2010
Todd Dodge,North Texas,2010
Derek Dooley,Tennessee,2010
Sonny Dykes,Louisiana Tech,2010
Randy Edsall,Connecticut,2010
Rich Ellerson,Army,2010
Ron English,Eastern Michigan,2010
Dan Enos,Central Michigan,2010
Dennis Erickson,Arizona State,2010
Steve Fairchild,Colorado State,2010
Larry Fedora,Southern Mississippi,2010
Kirk Ferentz,Iowa,2010
Jimbo Fisher,Florida State,2010
Pat Fitzgerald,Northwestern,2010
Ralph Friedgen,Maryland,2010
Turner Gill,Kansas,2010
Al Golden,Temple,2010
Todd Graham,Tulsa,2010
Jim Grobe,Wake Forest,2010
Lance Guidry,Miami (OH),2010
Mike Gundy,Oklahoma State,2010
Jim Harbaugh,Stanford,2010
Bobby Hauck,UNLV,2010
Dan Hawkins,Colorado,2010
Michael Haywood,Miami (OH),2010
Pat Hill,Fresno State,2010
Brady Hoke,San Diego State,2010
Doc Holliday,Marshall,2010
Skip Holtz,South Florida,2010
Danny Hope,Purdue,2010
Jeff Horton,Minnesota,2010
Rob Ianello,Akron,2010
Paul Johnson,Georgia Tech,2010
Butch Jones,Cincinnati,2010
June Jones,SMU,2010
Brian Kelly,Notre Dame,2010
Chip Kelly,Oregon,2010
Lane Kiffin,USC,2010
Jerry Kill,Northern Illinois,2010
Mike Locksley,New Mexico,2010
Mike London,Virginia,2010
Bill Lynch,Indiana,2010
Mike MacIntyre,San José State,2010
Doug Marrone,Syracuse,2010
Doug Martin,Kent State,2010
Greg McMackin,Hawai'i,2010
Ruffin McNeill,East Carolina,2010
Bronco Mendenhall,BYU,2010
Urban Meyer,Florida,2010
Les Miles,LSU,2010
Dan Mullen,Mississippi State,2010
Rick Neuheisel,UCLA,2010
Ken Niumatalolo,Navy,2010
Houston Nutt,Ole Miss,2010
Tom O'Brien,NC State,2010
George O'Leary,UCF,2010
Stan Parrish,Ball State,2010
Joe Paterno,Penn State,2010
Gary Patterson,TCU,2010
Bo Pelini,Nebraska,2010
Chris Petersen,Boise State,2010
Bobby Petrino,Arkansas,2010
Joker Phillips,Kentucky,2010
Gary Pinkel,Missouri,2010
Larry Porter,Memphis,2010
Mike Price,UTEP,2010
Jeff Quinn,Buffalo,2010
Paul Rhoads,Iowa State,2010
Mark Richt,Georgia,2010
Mike Riley,Oregon State,2010
Steve Roberts,Arkansas State,2010
Rich Rodriguez,Michigan,2010
Nick Saban,Alabama,2010
Steve Sarkisian,Washington,2010
Greg Schiano,Rutgers,2010
Howard Schnellenberger,Florida Atlantic,2010
Randy Shannon,Miami,2010
Mike Sherman,Texas A&M,2010
Bill Snyder,Kansas State,2010
Frank Solich,Ohio,2010
Frank Spaziani,Boston College,2010
Steve Spurrier,South Carolina,2010
Bill Stewart,West Virginia,2010
Rick Stockstill,Middle Tennessee,2010
Bob Stoops,Oklahoma,2010
Mike Stoops,Arizona,2010
Charlie Strong,Louisville,2010
Kevin Sumlin,Houston,2010
Dabo Swinney,Clemson,2010
Willie Taggart,Western Kentucky,2010
Jeff Tedford,California,2010
Bob Toledo,Tulane,2010
Jim Tressel,Ohio State,2010
Tommy Tuberville,Texas Tech,2010
DeWayne Walker,New Mexico State,2010
Dave Wannstedt,Pittsburgh,2010
Kyle Whittingham,Utah,2010
Paul Wulff,Washington State,2010
Ron Zook,Illinois,2010
Steve Addazio,Temple,2011
Gary Andersen,Utah State,2011
Chris Ault,Nevada,2011
David Bailiff,Rice,2011
George Barlow,New Mexico,2011
Frank Beamer,Virginia Tech,2011
Todd Berry,Louisiana Monroe,2011
Bret Bielema,Wisconsin,2011
Larry Blakeney,Troy,2011
Bill Blankenship,Tulsa,2011
Art Briles,Baylor,2011
Mack Brown,Texas,2011
Troy Calhoun,Air Force,2011
Neil Callaway,UAB,2011
Matt Campbell,Toledo,2011
Gene Chizik,Auburn,2011
Dave Christensen,Wyoming,2011
Dave Clawson,Bowling Green,2011
Mario Cristobal,Florida International,2011
Bill Cubit,Western Michigan,2011
David Cutcliffe,Duke,2011
Mark Dantonio,Michigan State,2011
Tim DeRuyter,Texas A&M,2011
Dave Doeren,Northern Illinois,2011
Derek Dooley,Tennessee,2011
Sonny Dykes,Louisiana Tech,2011
Randy Edsall,Maryland,2011
Rich Ellerson,Army,2011
Jon Embree,Colorado,2011
Ron English,Eastern Michigan,2011
Dan Enos,Central Michigan,2011
Dennis Erickson,Arizona State,2011
Steve Fairchild,Colorado State,2011
Larry Fedora,Southern Mississippi,2011
Kirk Ferentz,Iowa,2011
Luke Fickell,Ohio State,2011
Jimbo Fisher,Florida State,2011
Pat Fitzgerald,Northwestern,2011
James Franklin,Vanderbilt,2011
Hugh Freeze,Arkansas State,2011
Turner Gill,Kansas,2011
Al Golden,Miami,2011
Todd Graham,Pittsburgh,2011
Jim Grobe,Wake Forest,2011
Mike Gundy,Oklahoma State,2011
Bobby Hauck,UNLV,2011
Darrell Hazell,Kent State,2011
Pat Hill,Fresno State,2011
Brady Hoke,Michigan,2011
Dana Holgorsen,West Virginia,2011
Doc Holliday,Marshall,2011
Skip Holtz,South Florida,2011
Danny Hope,Purdue,2011
Mark Hudspeth,Louisiana,2011
Rob Ianello,Akron,2011
Paul Johnson,Georgia Tech,2011
Butch Jones,Cincinnati,2011
June Jones,SMU,2011
Brian Kelly,Notre Dame,2011
Chip Kelly,Oregon,2011
Lane Kiffin,USC,2011
Jerry Kill,Minnesota,2011
Tim Kish,Arizona,2011
Pete Lembo,Ball State,2011
Mike Locksley,New Mexico,2011
Mike London,Virginia,2011
Rocky Long,San Diego State,2011
Mike MacIntyre,San José State,2011
Doug Marrone,Syracuse,2011
Dan McCarney,North Texas,2011
Greg McMackin,Hawai'i,2011
Ruffin McNeill,East Carolina,2011
Bronco Mendenhall,BYU,2011
Les Miles,LSU,2011
Dan Mullen,Mississippi State,2011
Will Muschamp,Florida,2011
Rick Neuheisel,UCLA,2011
Ken Niumatalolo,Navy,2011
Houston Nutt,Ole Miss,2011
Tom O'Brien,NC State,2011
George O'Leary,UCF,2011
Paul Pasqualoni,Connecticut,2011
Joe Paterno,Penn State,2011
Gary Patterson,TCU,2011
Bo Pelini,Nebraska,2011
Chris Petersen,Boise State,2011
Bobby Petrino,Arkansas,2011
Joker Phillips,Kentucky,2011
Gary Pinkel,Missouri,2011
Larry Porter,Memphis,2011
Mike Price,UTEP,2011
Jeff Quinn,Buffalo,2011
Paul Rhoads,Iowa State,2011
Mark Richt,Georgia,2011
Mike Riley,Oregon State,2011
Nick Saban,Alabama,2011
Steve Sarkisian,Washington,2011
Greg Schiano,Rutgers,2011
Howard Schnellenberger,Florida Atlantic,2011
David Shaw,Stanford,2011
Mike Sherman,Texas A&M,2011
Bill Snyder,Kansas State,2011
Frank Solich,Ohio,2011
Frank Spaziani,Boston College,2011
Steve Spurrier,South Carolina,2011
Rick Stockstill,Middle Tennessee,2011
Bob Stoops,Oklahoma,2011
Mike Stoops,Arizona,2011
Charlie Strong,Louisville,2011
Kevin Sumlin,Houston,2011
Dabo Swinney,Clemson,2011
Willie Taggart,Western Kentucky,2011
Jeff Tedford,California,2011
Bob Toledo,Tulane,2011
Don Treadwell,Miami (OH),2011
Tommy Tuberville,Texas Tech,2011
DeWayne Walker,New Mexico State,2011
Kyle Whittingham,Utah,2011
Everett Withers,North Carolina,2011
Paul Wulff,Washington State,2011
Ron Zook,Illinois,2011
Steve Addazio,Temple,2012
Barry Alvarez,Wisconsin,2012
Gary Andersen,Utah State,2012
Chris Ault,Nevada,2012
David Bailiff,Rice,2012
Frank Beamer,Virginia Tech,2012
Tim Beckman,Illinois,2012
Todd Berry,Louisiana Monroe,2012
Bret Bielema,Wisconsin,2012
Larry Blakeney,Troy,2012
Bill Blankenship,Tulsa,2012
Terry Bowden,Akron,2012
Art Briles,Baylor,2012
Mack Brown,Texas,2012
Troy Calhoun,Air Force,2012
Matt Campbell,Toledo,2012
Rod Carey,Northern Illinois,2012
Jim Chaney,Tennessee,2012
Gene Chizik,Auburn,2012
Norm Chow,Hawai'i,2012
Dave Christensen,Wyoming,2012
Paul Chryst,Pittsburgh,2012
Dave Clawson,Bowling Green,2012
Larry Coker,UT San Antonio,2012
Mario Cristobal,Florida International,2012
Bill Cubit,Western Michigan,2012
David Cutcliffe,Duke,2012
Mark Dantonio,Michigan State,2012
Bob Davie,New Mexico,2012
Tim DeRuyter,Fresno State,2012
Dave Doeren,Northern Illinois,2012
Derek Dooley,Tennessee,2012
Sonny Dykes,Louisiana Tech,2012
Randy Edsall,Maryland,2012
Rich Ellerson,Army,2012
Jon Embree,Colorado,2012
Ron English,Eastern Michigan,2012
Dan Enos,Central Michigan,2012
Larry Fedora,North Carolina,2012
Kirk Ferentz,Iowa,2012
Jimbo Fisher,Florida State,2012
Pat Fitzgerald,Northwestern,2012
Kyle Flood,Rutgers,2012
Dennis Franchione,Texas State,2012
James Franklin,Vanderbilt,2012
Hugh Freeze,Ole Miss,2012
Justin Fuente,Memphis,2012
Al Golden,Miami,2012
Todd Graham,Arizona State,2012
Jim Grobe,Wake Forest,2012
Mike Gundy,Oklahoma State,2012
Bobby Hauck,UNLV,2012
Darrell Hazell,Kent State,2012
Patrick Higgins,Purdue,2012
Brady Hoke,Michigan,2012
Dana Holgorsen,West Virginia,2012
Doc Holliday,Marshall,2012
Skip Holtz,South Florida,2012
Danny Hope,Purdue,2012
Mark Hudspeth,Louisiana,2012
Mark Hutson,Tulane,2012
Curtis Johnson,Tulane,2012
Ellis Johnson,Southern Mississippi,2012
Paul Johnson,Georgia Tech,2012
Butch Jones,Cincinnati,2012
Joey Jones,South Alabama,2012
June Jones,SMU,2012
Brian Kelly,Notre Dame,2012
Chip Kelly,Oregon,2012
Lane Kiffin,USC,2012
Jerry Kill,Minnesota,2012
Mike Leach,Washington State,2012
Pete Lembo,Ball State,2012
Tony Levine,Houston,2012
Mike London,Virginia,2012
Rocky Long,San Diego State,2012
Mike MacIntyre,San José State,2012
Gus Malzahn,Arkansas State,2012
Doug Marrone,Syracuse,2012
Dan McCarney,North Texas,2012
Jim McElwain,Colorado State,2012
Garrick McGee,UAB,2012
Ruffin McNeill,East Carolina,2012
Bronco Mendenhall,BYU,2012
Urban Meyer,Ohio State,2012
Les Miles,LSU,2012
Charley Molnar,UMass,2012
Jim Mora,UCLA,2012
Dan Mullen,Mississippi State,2012
Will Muschamp,Florida,2012
Ken Niumatalolo,Navy,2012
Bill O'Brien,Penn State,2012
Tom O'Brien,NC State,2012
George O'Leary,UCF,2012
Paul Pasqualoni,Connecticut,2012
Gary Patterson,TCU,2012
Bo Pelini,Nebraska,2012
Carl Pelini,Florida Atlantic,2012
Chris Petersen,Boise State,2012
Joker Phillips,Kentucky,2012
Gary Pinkel,Missouri,2012
Mike Price,UTEP,2012
Jeff Quinn,Buffalo,2012
Paul Rhoads,Iowa State,2012
Mark Richt,Georgia,2012
Mike Riley,Oregon State,2012
Rich Rodriguez,Arizona,2012
Nick Saban,Alabama,2012
Steve Sarkisian,Washington,2012
David Shaw,Stanford,2012
John Smith,Arkansas,2012
Bill Snyder,Kansas State,2012
Frank Solich,Ohio,2012
Frank Spaziani,Boston College,2012
Steve Spurrier,South Carolina,2012
Rick Stockstill,Middle Tennessee,2012
Bob Stoops,Oklahoma,2012
Charlie Strong,Louisville,2012
Kevin Sumlin,Texas A&M,2012
Dabo Swinney,Clemson,2012
Willie Taggart,Western Kentucky,2012
Jeff Tedford,California,2012
Don Treadwell,Miami (OH),2012
Tommy Tuberville,Texas Tech,2012
DeWayne Walker,New Mexico State,2012
Charlie Weis,Kansas,2012
Kyle Whittingham,Utah,2012
Kevin Wilson,Indiana,2012
Steve Addazio,Boston College,2013
Gary Andersen,Wisconsin,2013
David Bailiff,Rice,2013
Mike Bath,Miami (OH),2013
Frank Beamer,Virginia Tech,2013
Tim Beckman,Illinois,2013
Todd Berry,Louisiana Monroe,2013
Bret Bielema,Arkansas,2013
Larry Blakeney,Troy,2013
Bill Blankenship,Tulsa,2013
Terry Bowden,Akron,2013
Art Briles,Baylor,2013
Mack Brown,Texas,2013
Troy Calhoun,Air Force,2013
Matt Campbell,Toledo,2013
Ron Caragher,San José State,2013
Rod Carey,Northern Illinois,2013
Norm Chow,Hawai'i,2013
Dave Christensen,Wyoming,2013
Paul Chryst,Pittsburgh,2013
Dave Clawson,Bowling Green,2013
Larry Coker,UT San Antonio,2013
David Cutcliffe,Duke,2013
Mark Dantonio,Michigan State,2013
Bob Davie,New Mexico,2013
Tim DeRuyter,Fresno State,2013
Dave Doeren,NC State,2013
Sonny Dykes,California,2013
Randy Edsall,Maryland,2013
Rich Ellerson,Army,2013
Ron English,Eastern Michigan,2013
Dan Enos,Central Michigan,2013
Larry Fedora,North Carolina,2013
Kirk Ferentz,Iowa,2013
Jimbo Fisher,Florida State,2013
Pat Fitzgerald,Northwestern,2013
P.J. Fleck,Western Michigan,2013
Kyle Flood,Rutgers,2013
Dennis Franchione,Texas State,2013
James Franklin,Vanderbilt,2013
Hugh Freeze,Ole Miss,2013
Justin Fuente,Memphis,2013
Al Golden,Miami,2013
Todd Graham,Arizona State,2013
Jim Grobe,Wake Forest,2013
Mike Gundy,Oklahoma State,2013
Bryan Harsin,Arkansas State,2013
Bobby Hauck,UNLV,2013
Paul Haynes,Kent State,2013
Darrell Hazell,Purdue,2013
Mark Helfrich,Oregon,2013
Clay Helton,USC,2013
Brady Hoke,Michigan,2013
Dana Holgorsen,West Virginia,2013
Doc Holliday,Marshall,2013
Skip Holtz,Louisiana Tech,2013
Mark Hudspeth,Louisiana,2013
Curtis Johnson,Tulane,2013
Paul Johnson,Georgia Tech,2013
Butch Jones,Tennessee,2013
Joey Jones,South Alabama,2013
June Jones,SMU,2013
Brian Kelly,Notre Dame,2013
Lane Kiffin,USC,2013
Jerry Kill,Minnesota,2013
Kliff Kingsbury,Texas Tech,2013
Sean Kugler,UTEP,2013
Mike Leach,Washington State,2013
Pete Lembo,Ball State,2013
Tony Levine,Houston,2013
Mike London,Virginia,2013
Rocky Long,San Diego State,2013
Mike MacIntyre,Colorado,2013
Gus Malzahn,Auburn,2013
Doug Martin,New Mexico State,2013
Dan McCarney,North Texas,2013
Jim McElwain,Colorado State,2013
Garrick McGee,UAB,2013
Ruffin McNeill,East Carolina,2013
Bronco Mendenhall,BYU,2013
Urban Meyer,Ohio State,2013
Les Miles,LSU,2013
Trent Miles,Georgia State,2013
Charley Molnar,UMass,2013
Todd Monken,Southern Mississippi,2013
Jim Mora,UCLA,2013
Dan Mullen,Mississippi State,2013
Will Muschamp,Florida,2013
Ken Niumatalolo,Navy,2013
Bill O'Brien,Penn State,2013
George O'Leary,UCF,2013
Ed Orgeron,USC,2013
Stan Parrish,Eastern Michigan,2013
Paul Pasqualoni,Connecticut,2013
Gary Patterson,TCU,2013
Bo Pelini,Nebraska,2013
Carl Pelini,Florida Atlantic,2013
Chris Petersen,Boise State,2013
Bobby Petrino,Western Kentucky,2013
Paul Petrino,Idaho,2013
Gary Pinkel,Missouri,2013
Brian Polian,Nevada,2013
Jeff Quinn,Buffalo,2013
Paul Rhoads,Iowa State,2013
Matt Rhule,Temple,2013
Mark Richt,Georgia,2013
Mike Riley,Oregon State,2013
Rich Rodriguez,Arizona,2013
Nick Saban,Alabama,2013
Steve Sarkisian,Washington,2013
Scott Shafer,Syracuse,2013
David Shaw,Stanford,2013
Bill Snyder,Kansas State,2013
Frank Solich,Ohio,2013
Steve Spurrier,South Carolina,2013
Rick Stockstill,Middle Tennessee,2013
Bob Stoops,Oklahoma,2013
Mark Stoops,Kentucky,2013
Charlie Strong,Louisville,2013
Kevin Sumlin,Texas A&M,2013
Dabo Swinney,Clemson,2013
Willie Taggart,South Florida,2013
Don Treadwell,Miami (OH),2013
Tommy Tuberville,Cincinnati,2013
Marques Tuiasosopo,Washington,2013
Ron Turner,Florida International,2013
Charlie Weis,Kansas,2013
Matt Wells,Utah State,2013
Kyle Whittingham,Utah,2013
Kevin Wilson,Indiana,2013
Brian Wright,Florida Atlantic,2013
Steve Addazio,Boston College,2014
Barry Alvarez,Wisconsin,2014
Gary Andersen,Wisconsin,2014
Blake Anderson,Arkansas State,2014
Dino Babers,Bowling Green,2014
David Bailiff,Rice,2014
Frank Beamer,Virginia Tech,2014
Tim Beckman,Illinois,2014
Todd Berry,Louisiana Monroe,2014
Bret Bielema,Arkansas,2014
Larry Blakeney,Troy,2014
Bill Blankenship,Tulsa,2014
Craig Bohl,Wyoming,2014
Terry Bowden,Akron,2014
Art Briles,Baylor,2014
Jeff Brohm,Western Kentucky,2014
Troy Calhoun,Air Force,2014
Matt Campbell,Toledo,2014
Ron Caragher,San José State,2014
Rod Carey,Northern Illinois,2014
Norm Chow,Hawai'i,2014
Paul Chryst,Pittsburgh,2014
Bill Clark,UAB,2014
Dave Clawson,Wake Forest,2014
Larry Coker,UT San Antonio,2014
Chris Creighton,Eastern Michigan,2014
David Cutcliffe,Duke,2014
Mark Dantonio,Michigan State,2014
Bob Davie,New Mexico,2014
Tim DeRuyter,Fresno State,2014
Bob Diaco,Connecticut,2014
Dave Doeren,NC State,2014
D.J. Durkin,Florida,2014
Sonny Dykes,California,2014
Randy Edsall,Maryland,2014
Dan Enos,Central Michigan,2014
Larry Fedora,North Carolina,2014
Kirk Ferentz,Iowa,2014
Jimbo Fisher,Florida State,2014
Pat Fitzgerald,Northwestern,2014
P.J. Fleck,Western Michigan,2014
Kyle Flood,Rutgers,2014
Dennis Franchione,Texas State,2014
James Franklin,Penn State,2014
Hugh Freeze,Ole Miss,2014
Willie Fritz,Georgia Southern,2014
Justin Fuente,Memphis,2014
David Gibbs,Houston,2014
Al Golden,Miami,2014
Todd Graham,Arizona State,2014
Mike Gundy,Oklahoma State,2014
Bryan Harsin,Boise State,2014
Bobby Hauck,UNLV,2014
Paul Haynes,Kent State,2014
Darrell Hazell,Purdue,2014
Mark Helfrich,Oregon,2014
Brady Hoke,Michigan,2014
Dana Holgorsen,West Virginia,2014
Doc Holliday,Marshall,2014
Skip Holtz,Louisiana Tech,2014
Mark Hudspeth,Louisiana,2014
Curtis Johnson,Tulane,2014
Paul Johnson,Georgia Tech,2014
Butch Jones,Tennessee,2014
Joey Jones,South Alabama,2014
June Jones,SMU,2014
Brian Kelly,Notre Dame,2014
Jerry Kill,Minnesota,2014
Kliff Kingsbury,Texas Tech,2014
Sean Kugler,UTEP,2014
Mike Leach,Washington State,2014
Pete Lembo,Ball State,2014
Tony Levine,Houston,2014
Mike London,Virginia,2014
Rocky Long,San Diego State,2014
Mike MacIntyre,Colorado,2014
Gus Malzahn,Auburn,2014
Chuck Martin,Miami (OH),2014
Doug Martin,New Mexico State,2014
Derek Mason,Vanderbilt,2014
Dan McCarney,North Texas,2014
Jim McElwain,Colorado State,2014
Ruffin McNeill,East Carolina,2014
Bronco Mendenhall,BYU,2014
Urban Meyer,Ohio State,2014
Les Miles,LSU,2014
Trent Miles,Georgia State,2014
Jeff Monken,Army,2014
Todd Monken,Southern Mississippi,2014
Jim Mora,UCLA,2014
Dan Mullen,Mississippi State,2014
Will Muschamp,Florida,2014
Ken Niumatalolo,Navy,2014
George O'Leary,UCF,2014
Charlie Partridge,Florida Atlantic,2014
Gary Patterson,TCU,2014
Bo Pelini,Nebraska,2014
Chris Petersen,Washington,2014
Bobby Petrino,Louisville,2014
Paul Petrino,Idaho,2014
Gary Pinkel,Missouri,2014
Brian Polian,Nevada,2014
Jeff Quinn,Buffalo,2014
Paul Rhoads,Iowa State,2014
Matt Rhule,Temple,2014
Mark Richt,Georgia,2014
Mike Riley,Oregon State,2014
Rich Rodriguez,Arizona,2014
Nick Saban,Alabama,2014
Steve Sarkisian,USC,2014
Scott Satterfield,Appalachian State,2014
Scott Shafer,Syracuse,2014
David Shaw,Stanford,2014
Bill Snyder,Kansas State,2014
Frank Solich,Ohio,2014
Steve Spurrier,South Carolina,2014
Rick Stockstill,Middle Tennessee,2014
Bob Stoops,Oklahoma,2014
Mark Stoops,Kentucky,2014
Charlie Strong,Texas,2014
Kevin Sumlin,Texas A&M,2014
Dabo Swinney,Clemson,2014
Willie Taggart,South Florida,2014
Tommy Tuberville,Cincinnati,2014
Ron Turner,Florida International,2014
Charlie Weis,Kansas,2014
Matt Wells,Utah State,2014
Mark Whipple,UMass,2014
Kyle Whittingham,Utah,2014
Bobby Wilder,Old Dominion,2014
Kevin Wilson,Indiana,2014
Alex Wood,Buffalo,2014
Steve Addazio,Boston College,2015
Gary Andersen,Oregon State,2015
Blake Anderson,Arkansas State,2015
Dino Babers,Bowling Green,2015
David Bailiff,Rice,2015
Frank Beamer,Virginia Tech,2015
David Beaty,Kansas,2015
Todd Berry,Louisiana Monroe,2015
Bret Bielema,Arkansas,2015
Mike Bobo,Colorado State,2015
Craig Bohl,Wyoming,2015
John Bonamego,Central Michigan,2015
Terry Bowden,Akron,2015
Art Briles,Baylor,2015
Jeff Brohm,Western Kentucky,2015
Neal Brown,Troy,2015
Troy Calhoun,Air Force,2015
Matt Campbell,Toledo,2015
Jason Candle,Toledo,2015
Ron Caragher,San José State,2015
Rod Carey,Northern Illinois,2015
Norm Chow,Hawai'i,2015
Paul Chryst,Wisconsin,2015
Tracy Claeys,Minnesota,2015
Dave Clawson,Wake Forest,2015
Larry Coker,UT San Antonio,2015
Chris Creighton,Eastern Michigan,2015
Bill Cubit,Illinois,2015
David Cutcliffe,Duke,2015
Mark Dantonio,Michigan State,2015
Bob Davie,New Mexico,2015
Tim DeRuyter,Fresno State,2015
Bob Diaco,Connecticut,2015
Dave Doeren,NC State,2015
Sonny Dykes,California,2015
Randy Edsall,Maryland,2015
Shawn Elliott,South Carolina,2015
Larry Fedora,North Carolina,2015
Kirk Ferentz,Iowa,2015
Jimbo Fisher,Florida State,2015
Pat Fitzgerald,Northwestern,2015
P.J. Fleck,Western Michigan,2015
Kyle Flood,Rutgers,2015
Dennis Franchione,Texas State,2015
James Franklin,Penn State,2015
Hugh Freeze,Ole Miss,2015
Willie Fritz,Georgia Southern,2015
Justin Fuente,Memphis,2015
Al Golden,Miami,2015
Todd Graham,Arizona State,2015
Mike Gundy,Oklahoma State,2015
Jim Harbaugh,Michigan,2015
Bryan Harsin,Boise State,2015
Paul Haynes,Kent State,2015
Darrell Hazell,Purdue,2015
Mark Helfrich,Oregon,2015
Clay Helton,USC,2015
Tom Herman,Houston,2015
Dana Holgorsen,West Virginia,2015
Doc Holliday,Marshall,2015
Skip Holtz,Louisiana Tech,2015
Mark Hudspeth,Louisiana,2015
Curtis Johnson,Tulane,2015
Paul Johnson,Georgia Tech,2015
Butch Jones,Tennessee,2015
Joey Jones,South Alabama,2015
Brian Kelly,Notre Dame,2015
Jerry Kill,Minnesota,2015
Kliff Kingsbury,Texas Tech,2015
Sean Kugler,UTEP,2015
Brad Lambert,Charlotte,2015
Mike Leach,Washington State,2015
Lance Leipold,Buffalo,2015
Pete Lembo,Ball State,2015
Mike London,Virginia,2015
Rocky Long,San Diego State,2015
Mike MacIntyre,Colorado,2015
Gus Malzahn,Auburn,2015
Chuck Martin,Miami (OH),2015
Doug Martin,New Mexico State,2015
Derek Mason,Vanderbilt,2015
Dan McCarney,North Texas,2015
Jim McElwain,Florida,2015
Ruffin McNeill,East Carolina,2015
Bronco Mendenhall,BYU,2015
Urban Meyer,Ohio State,2015
Les Miles,LSU,2015
Trent Miles,Georgia State,2015
Jeff Monken,Army,2015
Todd Monken,Southern Mississippi,2015
Philip Montgomery,Tulsa,2015
Jim Mora,UCLA,2015
Chad Morris,SMU,2015
Dan Mullen,Mississippi State,2015
Chris Naeole,Hawai'i,2015
Pat Narduzzi,Pittsburgh,2015
Ken Niumatalolo,Navy,2015
George O'Leary,UCF,2015
Charlie Partridge,Florida Atlantic,2015
Gary Patterson,TCU,2015
Chris Petersen,Washington,2015
Bobby Petrino,Louisville,2015
Paul Petrino,Idaho,2015
Gary Pinkel,Missouri,2015
Brian Polian,Nevada,2015
Paul Rhoads,Iowa State,2015
Matt Rhule,Temple,2015
Mark Richt,Georgia,2015
Mike Riley,Nebraska,2015
Rich Rodriguez,Arizona,2015
Nick Saban,Alabama,2015
Tony Sanchez,UNLV,2015
Scott Satterfield,Appalachian State,2015
Scott Shafer,Syracuse,2015
David Shaw,Stanford,2015
Bill Snyder,Kansas State,2015
Frank Solich,Ohio,2015
Steve Spurrier,South Carolina,2015
Rick Stockstill,Middle Tennessee,2015
Bob Stoops,Oklahoma,2015
Mark Stoops,Kentucky,2015
Charlie Strong,Texas,2015
Kevin Sumlin,Texas A&M,2015
Dabo Swinney,Clemson,2015
Willie Taggart,South Florida,2015
Tommy Tuberville,Cincinnati,2015
Ron Turner,Florida International,2015
Matt Wells,Utah State,2015
Mark Whipple,UMass,2015
Kyle Whittingham,Utah,2015
Bobby Wilder,Old Dominion,2015
Kevin Wilson,Indiana,2015
Steve Addazio,Boston College,2016
Tom Allen,Indiana,2016
Gary Andersen,Oregon State,2016
Blake Anderson,Arkansas State,2016
Major Applewhite,Houston,2016
Chris Ash,Rutgers,2016
Dino Babers,Syracuse,2016
David Bailiff,Rice,2016
David Beaty,Kansas,2016
Bret Bielema,Arkansas,2016
Mike Bobo,Colorado State,2016
Craig Bohl,Wyoming,2016
John Bonamego,Central Michigan,2016
Terry Bowden,Akron,2016
Jeff Brohm,Western Kentucky,2016
Neal Brown,Troy,2016
Troy Calhoun,Air Force,2016
Matt Campbell,Iowa State,2016
Jason Candle,Toledo,2016
Ron Caragher,San José State,2016
Rod Carey,Northern Illinois,2016
Paul Chryst,Wisconsin,2016
Tracy Claeys,Minnesota,2016
Dave Clawson,Wake Forest,2016
Chris Creighton,Eastern Michigan,2016
David Cutcliffe,Duke,2016
Mark Dantonio,Michigan State,2016
Bob Davie,New Mexico,2016
Tim DeRuyter,Fresno State,2016
Bob Diaco,Connecticut,2016
Dave Doeren,NC State,2016
D.J. Durkin,Maryland,2016
Sonny Dykes,California,2016
Larry Fedora,North Carolina,2016
Kirk Ferentz,Iowa,2016
Jimbo Fisher,Florida State,2016
Pat Fitzgerald,Northwestern,2016
P.J. Fleck,Western Michigan,2016
James Franklin,Penn State,2016
Hugh Freeze,Ole Miss,2016
Willie Fritz,Tulane,2016
Scott Frost,UCF,2016
Justin Fuente,Virginia Tech,2016
Todd Graham,Arizona State,2016
Jim Grobe,Baylor,2016
Mike Gundy,Oklahoma State,2016
Jim Harbaugh,Michigan,2016
Bryan Harsin,Boise State,2016
Paul Haynes,Kent State,2016
Darrell Hazell,Purdue,2016
Mark Helfrich,Oregon,2016
Clay Helton,USC,2016
Tom Herman,Houston,2016
Dana Holgorsen,West Virginia,2016
Doc Holliday,Marshall,2016
Skip Holtz,Louisiana Tech,2016
Jay Hopson,Southern Mississippi,2016
Mark Hudspeth,Louisiana,2016
Mike Jinks,Bowling Green,2016
Paul Johnson,Georgia Tech,2016
Butch Jones,Tennessee,2016
Joey Jones,South Alabama,2016
Brian Kelly,Notre Dame,2016
Eric Kiesau,Fresno State,2016
Kliff Kingsbury,Texas Tech,2016
Sean Kugler,UTEP,2016
Brad Lambert,Charlotte,2016
Tim Lappano,Georgia State,2016
Mike Leach,Washington State,2016
Lance Leipold,Buffalo,2016
Seth Littrell,North Texas,2016
Rocky Long,San Diego State,2016
Mike MacIntyre,Colorado,2016
Gus Malzahn,Auburn,2016
Chuck Martin,Miami (OH),2016
Doug Martin,New Mexico State,2016
Derek Mason,Vanderbilt,2016
Jim McElwain,Florida,2016
Bronco Mendenhall,Virginia,2016
Urban Meyer,Ohio State,2016
Les Miles,LSU,2016
Trent Miles,Georgia State,2016
Jeff Monken,Army,2016
Philip Montgomery,Tulsa,2016
Scottie Montgomery,East Carolina,2016
Jim Mora,UCLA,2016
Chad Morris,SMU,2016
Dan Mullen,Mississippi State,2016
Will Muschamp,South Carolina,2016
Pat Narduzzi,Pittsburgh,2016
Mike Neu,Ball State,2016
Ken Niumatalolo,Navy,2016
Mike Norvell,Memphis,2016
Barry Odom,Missouri,2016
Ed Orgeron,LSU,2016
Gerad Parker,Purdue,2016
Charlie Partridge,Florida Atlantic,2016
Gary Patterson,TCU,2016
Chris Petersen,Washington,2016
Bobby Petrino,Louisville,2016
Paul Petrino,Idaho,2016
Brian Polian,Nevada,2016
Matt Rhule,Temple,2016
Mark Richt,Miami,2016
Mike Riley,Nebraska,2016
Rich Rodriguez,Arizona,2016
Nick Rolovich,Hawai'i,2016
Nick Saban,Alabama,2016
Tony Sanchez,UNLV,2016
Scott Satterfield,Appalachian State,2016
David Shaw,Stanford,2016
Kalani Sitake,BYU,2016
Kirby Smart,Georgia,2016
Lovie Smith,Illinois,2016
Bill Snyder,Kansas State,2016
Frank Solich,Ohio,2016
Rick Stockstill,Middle Tennessee,2016
Bob Stoops,Oklahoma,2016
Mark Stoops,Kentucky,2016
Charlie Strong,Texas,2016
Kevin Sumlin,Texas A&M,2016
Tyson Summers,Georgia Southern,2016
Dabo Swinney,Clemson,2016
Willie Taggart,South Florida,2016
Tommy Tuberville,Cincinnati,2016
Ron Turner,Florida International,2016
Matt Viator,Louisiana Monroe,2016
Matt Wells,Utah State,2016
Mark Whipple,UMass,2016
Kyle Whittingham,Utah,2016
Bobby Wilder,Old Dominion,2016
Frank Wilson,UT San Antonio,2016
Kevin Wilson,Indiana,2016
Everett Withers,Texas State,2016
Steve Addazio,Boston College,2017
Tom Allen,Indiana,2017
Gary Andersen,Oregon State,2017
Blake Anderson,Arkansas State,2017
Major Applewhite,Houston,2017
Chris Ash,Rutgers,2017
Dino Babers,Syracuse,2017
David Bailiff,Rice,2017
Jeff Banks,Texas A&M,2017
David Beaty,Kansas,2017
Bret Bielema,Arkansas,2017
Mike Bobo,Colorado State,2017
Craig Bohl,Wyoming,2017
John Bonamego,Central Michigan,2017
Terry Bowden,Akron,2017
Brent Brennan,San José State,2017
Jeff Brohm,Purdue,2017
Neal Brown,Troy,2017
Troy Calhoun,Air Force,2017
Matt Campbell,Iowa State,2017
Jason Candle,Toledo,2017
Rod Carey,Northern Illinois,2017
Jamey Chadwell,Coastal Carolina,2017
Paul Chryst,Wisconsin,2017
Bill Clark,UAB,2017
Dave Clawson,Wake Forest,2017
Geoff Collins,Temple,2017
Chris Creighton,Eastern Michigan,2017
David Cutcliffe,Duke,2017
Mark Dantonio,Michigan State,2017
Bob Davie,New Mexico,2017
Butch Davis,Florida International,2017
Dave Doeren,NC State,2017
D.J. Durkin,Maryland,2017
Randy Edsall,Connecticut,2017
Shawn Elliott,Georgia State,2017
Larry Fedora,North Carolina,2017
Kirk Ferentz,Iowa,2017
Luke Fickell,Cincinnati,2017
Jedd Fisch,UCLA,2017
Jimbo Fisher,Florida State,2017
Pat Fitzgerald,Northwestern,2017
P.J. Fleck,Minnesota,2017
James Franklin,Penn State,2017
Willie Fritz,Tulane,2017
Scott Frost,UCF,2017
Justin Fuente,Virginia Tech,2017
Todd Graham,Arizona State,2017
Mike Gundy,Oklahoma State,2017
Odell Haggins,Florida State,2017
Cory Hall,Oregon State,2017
Jim Harbaugh,Michigan,2017
Bryan Harsin,Boise State,2017
Paul Haynes,Kent State,2017
Clay Helton,USC,2017
Tom Herman,Texas,2017
Brady Hoke,Tennessee,2017
Dana Holgorsen,West Virginia,2017
Doc Holliday,Marshall,2017
Skip Holtz,Louisiana Tech,2017
Jay Hopson,Southern Mississippi,2017
Mark Hudspeth,Louisiana,2017
Mike Jinks,Bowling Green,2017
Paul Johnson,Georgia Tech,2017
Butch Jones,Tennessee,2017
Joey Jones,South Alabama,2017
Brian Kelly,Notre Dame,2017
Lane Kiffin,Florida Atlantic,2017
Kliff Kingsbury,Texas Tech,2017
Greg Knox,Mississippi State,2017
Sean Kugler,UTEP,2017
Brad Lambert,Charlotte,2017
Mike Leach,Washington State,2017
Lance Leipold,Buffalo,2017
Tim Lester,Western Michigan,2017
Seth Littrell,North Texas,2017
Rocky Long,San Diego State,2017
Matt Luke,Ole Miss,2017
Chad Lunsford,Georgia Southern,2017
Mike MacIntyre,Colorado,2017
Gus Malzahn,Auburn,2017
Chuck Martin,Miami (OH),2017
Doug Martin,New Mexico State,2017
Derek Mason,Vanderbilt,2017
Jim McElwain,Florida,2017
Bronco Mendenhall,Virginia,2017
Urban Meyer,Ohio State,2017
Jeff Monken,Army,2017
Philip Montgomery,Tulsa,2017
Scottie Montgomery,East Carolina,2017
Jim Mora,UCLA,2017
Chad Morris,SMU,2017
Dan Mullen,Mississippi State,2017
Will Muschamp,South Carolina,2017
Pat Narduzzi,Pittsburgh,2017
Mike Neu,Ball State,2017
Ken Niumatalolo,Navy,2017
Jay Norvell,Nevada,2017
Mike Norvell,Memphis,2017
Barry Odom,Missouri,2017
Ed Orgeron,LSU,2017
Gary Patterson,TCU,2017
Chris Petersen,Washington,2017
Bobby Petrino,Louisville,2017
Paul Petrino,Idaho,2017
Mike Price,UTEP,2017
Matt Rhule,Baylor,2017
Mark Richt,Miami,2017
Lincoln Riley,Oklahoma,2017
Mike Riley,Nebraska,2017
Rich Rodriguez,Arizona,2017
Nick Rolovich,Hawai'i,2017
Nick Saban,Alabama,2017
Tony Sanchez,UNLV,2017
Mike Sanford,Western Kentucky,2017
Scott Satterfield,Appalachian State,2017
Randy Shannon,Florida,2017
David Shaw,Stanford,2017
Kalani Sitake,BYU,2017
Kirby Smart,Georgia,2017
Lovie Smith,Illinois,2017
Bill Snyder,Kansas State,2017
Frank Solich,Ohio,2017
Rick Stockstill,Middle Tennessee,2017
Mark Stoops,Kentucky,2017
Charlie Strong,South Florida,2017
Kevin Sumlin,Texas A&M,2017
Tyson Summers,Georgia Southern,2017
Dabo Swinney,Clemson,2017
Willie Taggart,Oregon,2017
Jeff Tedford,Fresno State,2017
Matt Viator,Louisiana Monroe,2017
Matt Wells,Utah State,2017
Mark Whipple,UMass,2017
Kyle Whittingham,Utah,2017
Justin Wilcox,California,2017
Bobby Wilder,Old Dominion,2017
Frank Wilson,UT San Antonio,2017
Everett Withers,Texas State,2017
Steve Addazio,Boston College,2018
Tom Allen,Indiana,2018
Blake Anderson,Arkansas State,2018
Major Applewhite,Houston,2018
Chris Ash,Rutgers,2018
Dino Babers,Syracuse,2018
David Beaty,Kansas,2018
David Blackwell,East Carolina,2018
Mike Bloomgren,Rice,2018
Mike Bobo,Colorado State,2018
Craig Bohl,Wyoming,2018
John Bonamego,Central Michigan,2018
Terry Bowden,Akron,2018
Brent Brennan,San José State,2018
Jeff Brohm,Purdue,2018
Neal Brown,Troy,2018
Troy Calhoun,Air Force,2018
Matt Campbell,Iowa State,2018
Steve Campbell,South Alabama,2018
Matt Canada,Maryland,2018
Jason Candle,Toledo,2018
Rod Carey,Northern Illinois,2018
Paul Chryst,Wisconsin,2018
Bill Clark,UAB,2018
Dave Clawson,Wake Forest,2018
Geoff Collins,Temple,2018
Chris Creighton,Eastern Michigan,2018
Mario Cristobal,Oregon,2018
David Cutcliffe,Duke,2018
Mark Dantonio,Michigan State,2018
Bob Davie,New Mexico,2018
Butch Davis,Florida International,2018
Ryan Day,Ohio State,2018
Dana Dimel,UTEP,2018
Dave Doeren,NC State,2018
Sonny Dykes,SMU,2018
Randy Edsall,Connecticut,2018
Herm Edwards,Arizona State,2018
Shawn Elliott,Georgia State,2018
Larry Fedora,North Carolina,2018
Kirk Ferentz,Iowa,2018
Luke Fickell,Cincinnati,2018
Jimbo Fisher,Texas A&M,2018
Pat Fitzgerald,Northwestern,2018
P.J. Fleck,Minnesota,2018
Ed Foley,Temple,2018
James Franklin,Penn State,2018
Willie Fritz,Tulane,2018
Scott Frost,Nebraska,2018
Justin Fuente,Virginia Tech,2018
Turner Gill,Liberty,2018
Mike Gundy,Oklahoma State,2018
Jim Harbaugh,Michigan,2018
Bryan Harsin,Boise State,2018
Clay Helton,USC,2018
Tom Herman,Texas,2018
Josh Heupel,UCF,2018
Dana Holgorsen,West Virginia,2018
Doc Holliday,Marshall,2018
Skip Holtz,Louisiana Tech,2018
Jay Hopson,Southern Mississippi,2018
Mark Ivey,Appalachian State,2018
Mike Jinks,Bowling Green,2018
Paul Johnson,Georgia Tech,2018
Brian Kelly,Notre Dame,2018
Chip Kelly,UCLA,2018
Lane Kiffin,Florida Atlantic,2018
Kliff Kingsbury,Texas Tech,2018
Brad Lambert,Charlotte,2018
Mike Leach,Washington State,2018
Lance Leipold,Buffalo,2018
Tim Lester,Western Michigan,2018
Sean Lewis,Kent State,2018
Seth Littrell,North Texas,2018
Rocky Long,San Diego State,2018
Matt Luke,Ole Miss,2018
Chad Lunsford,Georgia Southern,2018
Mike MacIntyre,Colorado,2018
Frank Maile,Utah State,2018
Gus Malzahn,Auburn,2018
Chuck Martin,Miami (OH),2018
Doug Martin,New Mexico State,2018
Derek Mason,Vanderbilt,2018
Bronco Mendenhall,Virginia,2018
Urban Meyer,Ohio State,2018
Joe Moglia,Coastal Carolina,2018
Jeff Monken,Army,2018
Philip Montgomery,Tulsa,2018
Scottie Montgomery,East Carolina,2018
Joe Moorhead,Mississippi State,2018
Chad Morris,Arkansas,2018
Dan Mullen,Florida,2018
Will Muschamp,South Carolina,2018
Billy Napier,Louisiana,2018
Pat Narduzzi,Pittsburgh,2018
Mike Neu,Ball State,2018
Ken Niumatalolo,Navy,2018
Jay Norvell,Nevada,2018
Mike Norvell,Memphis,2018
Barry Odom,Missouri,2018
Ed Orgeron,LSU,2018
Gary Patterson,TCU,2018
Carl Pelini,Bowling Green,2018
Chris Petersen,Washington,2018
Bobby Petrino,Western Kentucky,2018
Jeremy Pruitt,Tennessee,2018
Matt Rhule,Baylor,2018
Mark Richt,Miami,2018
Lincoln Riley,Oklahoma,2018
Nick Rolovich,Hawai'i,2018
Kurt Roper,Colorado,2018
Nick Saban,Alabama,2018
Tony Sanchez,UNLV,2018
Mike Sanford,Western Kentucky,2018
Scott Satterfield,Appalachian State,2018
David Shaw,Stanford,2018
Kalani Sitake,BYU,2018
Kirby Smart,Georgia,2018
Jonathan Smith,Oregon State,2018
Lovie Smith,Illinois,2018
Bill Snyder,Kansas State,2018
Frank Solich,Ohio,2018
Rick Stockstill,Middle Tennessee,2018
Mark Stoops,Kentucky,2018
Charlie Strong,South Florida,2018
Kevin Sumlin,Arizona,2018
Dabo Swinney,Clemson,2018
Willie Taggart,Florida State,2018
Jeff Tedford,Fresno State,2018
Matt Viator,Louisiana Monroe,2018
Lorenzo Ward,Louisville,2018
Matt Wells,Utah State,2018
Mark Whipple,UMass,2018
Kyle Whittingham,Utah,2018
Justin Wilcox,California,2018
Bobby Wilder,Old Dominion,2018
Frank Wilson,UT San Antonio,2018
Everett Withers,Texas State,2018
Chris Woods,Texas State,2018
Steve Addazio,Boston College,2019
Tom Allen,Indiana,2019
Gary Andersen,Utah State,2019
Blake Anderson,Arkansas State,2019
Tom Arth,Akron,2019
Chris Ash,Rutgers,2019
Dino Babers,Syracuse,2019
Walt Bell,UMass,2019
Mike Bloomgren,Rice,2019
Mike Bobo,Colorado State,2019
Craig Bohl,Wyoming,2019
Brent Brennan,San José State,2019
Jeff Brohm,Purdue,2019
Mack Brown,North Carolina,2019
Neal Brown,West Virginia,2019
Troy Calhoun,Air Force,2019
Nunzio Campanile,Rutgers,2019
Matt Campbell,Iowa State,2019
Steve Campbell,South Alabama,2019
Jason Candle,Toledo,2019
Rod Carey,Temple,2019
Jamey Chadwell,Coastal Carolina,2019
Paul Chryst,Wisconsin,2019
Bill Clark,UAB,2019
Shawn Clark,Appalachian State,2019
Dave Clawson,Wake Forest,2019
Geoff Collins,Georgia Tech,2019
Chris Creighton,Eastern Michigan,2019
Mario Cristobal,Oregon,2019
David Cutcliffe,Duke,2019
Mark Dantonio,Michigan State,2019
Bob Davie,New Mexico,2019
Butch Davis,Florida International,2019
Ryan Day,Ohio State,2019
Manny Diaz,Miami,2019
Dana Dimel,UTEP,2019
Dave Doeren,NC State,2019
Eli Drinkwitz,Appalachian State,2019
Sonny Dykes,SMU,2019
Randy Edsall,Connecticut,2019
Herm Edwards,Arizona State,2019
Shawn Elliott,Georgia State,2019
Kirk Ferentz,Iowa,2019
Luke Fickell,Cincinnati,2019
Jimbo Fisher,Texas A&M,2019
Pat Fitzgerald,Northwestern,2019
P.J. Fleck,Minnesota,2019
James Franklin,Penn State,2019
Hugh Freeze,Liberty,2019
Willie Fritz,Tulane,2019
Scott Frost,Nebraska,2019
Justin Fuente,Virginia Tech,2019
Mike Gundy,Oklahoma State,2019
Odell Haggins,Florida State,2019
Thomas Hammock,Northern Illinois,2019
Jim Harbaugh,Michigan,2019
Bryan Harsin,Boise State,2019
Will Healy,Charlotte,2019
Clay Helton,USC,2019
Tyson Helton,Western Kentucky,2019
Tom Herman,Texas,2019
Josh Heupel,UCF,2019
Dana Holgorsen,Houston,2019
Doc Holliday,Marshall,2019
Skip Holtz,Louisiana Tech,2019
Jay Hopson,Southern Mississippi,2019
Mike Houston,East Carolina,2019
Barry Lunney Jr.,Arkansas,2019
Brian Kelly,Notre Dame,2019
Chip Kelly,UCLA,2019
Lane Kiffin,Florida Atlantic,2019
Chris Klieman,Kansas State,2019
Mike Leach,Washington State,2019
Lance Leipold,Buffalo,2019
Tim Lester,Western Michigan,2019
Sean Lewis,Kent State,2019
Chip Lindsey,Troy,2019
Seth Littrell,North Texas,2019
Mike Locksley,Maryland,2019
Scot Loeffler,Bowling Green,2019
Rocky Long,San Diego State,2019
Matt Luke,Ole Miss,2019
Chad Lunsford,Georgia Southern,2019
Gus Malzahn,Auburn,2019
Chuck Martin,Miami (OH),2019
Doug Martin,New Mexico State,2019
Derek Mason,Vanderbilt,2019
Jim McElwain,Central Michigan,2019
Bronco Mendenhall,Virginia,2019
Les Miles,Kansas,2019
Jeff Monken,Army,2019
Philip Montgomery,Tulsa,2019
Joe Moorhead,Mississippi State,2019
Chad Morris,Arkansas,2019
Dan Mullen,Florida,2019
Will Muschamp,South Carolina,2019
Billy Napier,Louisiana,2019
Pat Narduzzi,Pittsburgh,2019
Mike Neu,Ball State,2019
Ken Niumatalolo,Navy,2019
Jay Norvell,Nevada,2019
Mike Norvell,Memphis,2019
Barry Odom,Missouri,2019
Ed Orgeron,LSU,2019
Gary Patterson,TCU,2019
Chris Petersen,Washington,2019
Jeremy Pruitt,Tennessee,2019
Matt Rhule,Baylor,2019
Lincoln Riley,Oklahoma,2019
Nick Rolovich,Hawai'i,2019
Nick Saban,Alabama,2019
Tony Sanchez,UNLV,2019
Scott Satterfield,Louisville,2019
David Shaw,Stanford,2019
Kalani Sitake,BYU,2019
Kirby Smart,Georgia,2019
Jonathan Smith,Oregon State,2019
Lovie Smith,Illinois,2019
Frank Solich,Ohio,2019
Jake Spavital,Texas State,2019
Rick Stockstill,Middle Tennessee,2019
Mark Stoops,Kentucky,2019
Charlie Strong,South Florida,2019
Kevin Sumlin,Arizona,2019
Dabo Swinney,Clemson,2019
Willie Taggart,Florida State,2019
Jeff Tedford,Fresno State,2019
Mel Tucker,Colorado,2019
Matt Viator,Louisiana Monroe,2019
Matt Wells,Texas Tech,2019
Kyle Whittingham,Utah,2019
Justin Wilcox,California,2019
Bobby Wilder,Old Dominion,2019
Frank Wilson,UT San Antonio,2019
Steve Addazio,Colorado State,2020
Tom Allen,Indiana,2020
Gary Andersen,Utah State,2020
Blake Anderson,Arkansas State,2020
Dave Aranda,Baylor,2020
Marcus Arroyo,UNLV,2020
Tom Arth,Akron,2020
Dino Babers,Syracuse,2020
Walt Bell,UMass,2020
Tim Billings,Southern Mississippi,2020
Mike Bloomgren,Rice,2020
Mike Bobo,South Carolina,2020
Craig Bohl,Wyoming,2020
Brent Brennan,San José State,2020
Jeff Brohm,Purdue,2020
Mack Brown,North Carolina,2020
Neal Brown,West Virginia,2020
Troy Calhoun,Air Force,2020
Matt Campbell,Iowa State,2020
Steve Campbell,South Alabama,2020
Jason Candle,Toledo,2020
Rod Carey,Temple,2020
Jamey Chadwell,Coastal Carolina,2020
Paul Chryst,Wisconsin,2020
Bill Clark,UAB,2020
Shawn Clark,Appalachian State,2020
Dave Clawson,Wake Forest,2020
Geoff Collins,Georgia Tech,2020
Chris Creighton,Eastern Michigan,2020
Mario Cristobal,Oregon,2020
David Cutcliffe,Duke,2020
Butch Davis,Florida International,2020
Ryan Day,Ohio State,2020
Kalen DeBoer,Fresno State,2020
Manny Diaz,Miami,2020
Dana Dimel,UTEP,2020
Dave Doeren,NC State,2020
Karl Dorrell,Colorado,2020
Eli Drinkwitz,Missouri,2020
Sonny Dykes,SMU,2020
Randy Edsall,Connecticut,2020
Herm Edwards,Arizona State,2020
Shawn Elliott,Georgia State,2020
Kirk Ferentz,Iowa,2020
Luke Fickell,Cincinnati,2020
Jimbo Fisher,Texas A&M,2020
Todd Fitch,Vanderbilt,2020
Pat Fitzgerald,Northwestern,2020
P.J. Fleck,Minnesota,2020
James Franklin,Penn State,2020
Hugh Freeze,Liberty,2020
Willie Fritz,Tulane,2020
Scott Frost,Nebraska,2020
Justin Fuente,Virginia Tech,2020
Danny Gonzales,New Mexico,2020
Todd Graham,Hawai'i,2020
Mike Gundy,Oklahoma State,2020
Jeff Hafley,Boston College,2020
Thomas Hammock,Northern Illinois,2020
Jim Harbaugh,Michigan,2020
Bryan Harsin,Boise State,2020
Will Healy,Charlotte,2020
Clay Helton,USC,2020
Tyson Helton,Western Kentucky,2020
Tom Herman,Texas,2020
Josh Heupel,UCF,2020
Brady Hoke,San Diego State,2020
Dana Holgorsen,Houston,2020
Doc Holliday,Marshall,2020
Skip Holtz,Louisiana Tech,2020
Jay Hopson,Southern Mississippi,2020
Mike Houston,East Carolina,2020
Brian Kelly,Notre Dame,2020
Chip Kelly,UCLA,2020
Lane Kiffin,Ole Miss,2020
Chris Klieman,Kansas State,2020
Jimmy Lake,Washington,2020
Mike Leach,Mississippi State,2020
Lance Leipold,Buffalo,2020
Tim Lester,Western Michigan,2020
Sean Lewis,Kent State,2020
Chip Lindsey,Troy,2020
Seth Littrell,North Texas,2020
Mike Locksley,Maryland,2020
Scot Loeffler,Bowling Green,2020
Chad Lunsford,Georgia Southern,2020
Frank Maile,Utah State,2020
Gus Malzahn,Auburn,2020
Chuck Martin,Miami (OH),2020
Doug Martin,New Mexico State,2020
Derek Mason,Vanderbilt,2020
Jim McElwain,Central Michigan,2020
Bronco Mendenhall,Virginia,2020
Les Miles,Kansas,2020
Jeff Monken,Army,2020
Philip Montgomery,Tulsa,2020
Dan Mullen,Florida,2020
Will Muschamp,South Carolina,2020
Billy Napier,Louisiana,2020
Pat Narduzzi,Pittsburgh,2020
Mike Neu,Ball State,2020
Ken Niumatalolo,Navy,2020
Jay Norvell,Nevada,2020
Mike Norvell,Florida State,2020
Ed Orgeron,LSU,2020
Gary Patterson,TCU,2020
Sam Pittman,Arkansas,2020
Jeremy Pruitt,Tennessee,2020
Ricky Rahne,Old Dominion,2020
Lincoln Riley,Oklahoma,2020
Nick Rolovich,Washington State,2020
Nick Saban,Alabama,2020
Scott Satterfield,Louisville,2020
Greg Schiano,Rutgers,2020
Jeff Scott,South Florida,2020
David Shaw,Stanford,2020
Ryan Silverfield,Memphis,2020
Kalani Sitake,BYU,2020
Kirby Smart,Georgia,2020
Jonathan Smith,Oregon State,2020
Lovie Smith,Illinois,2020
Rod Smith,Illinois,2020
Frank Solich,Ohio,2020
Jake Spavital,Texas State,2020
Kevin Steele,Auburn,2020
Rick Stockstill,Middle Tennessee,2020
Mark Stoops,Kentucky,2020
Kevin Sumlin,Arizona,2020
Dabo Swinney,Clemson,2020
Willie Taggart,Florida Atlantic,2020
Jeff Traylor,UT San Antonio,2020
Mel Tucker,Michigan State,2020
Matt Viator,Louisiana Monroe,2020
Scotty Walden,Southern Mississippi,2020
Matt Wells,Texas Tech,2020
Kyle Whittingham,Utah,2020
Justin Wilcox,California,2020
Steve Addazio,Colorado State,2021
Tim Albin,Ohio,2021
Tom Allen,Indiana,2021
Blake Anderson,Utah State,2021
Blake Anderson,Utah State,2021
Dave Aranda,Baylor,2021
Marcus Arroyo,UNLV,2021
Tom Arth,Akron,2021
Andy Avalos,Boise State,2021
Dino Babers,Syracuse,2021
Shane Beamer,South Carolina,2021
Walt Bell,UMass,2021
Bret Bielema,Illinois,2021
Mike Bloomgren,Rice,2021
Craig Bohl,Wyoming,2021
Terry Bowden,Louisiana Monroe,2021
Brent Brennan,San José State,2021
Jeff Brohm,Purdue,2021
Mack Brown,North Carolina,2021
Neal Brown,West Virginia,2021
Troy Calhoun,Air Force,2021
Matt Campbell,Iowa State,2021
Steve Campbell,South Alabama,2021
Jason Candle,Toledo,2021
Rod Carey,Temple,2021
Jamey Chadwell,Coastal Carolina,2021
Paul Chryst,Wisconsin,2021
Bill Clark,UAB,2021
Shawn Clark,Appalachian State,2021
Dave Clawson,Wake Forest,2021
Geoff Collins,Georgia Tech,2021
Chris Creighton,Eastern Michigan,2021
Mario Cristobal,Oregon,2021
Sonny Cumbie,Texas Tech,2021
David Cutcliffe,Duke,2021
Brad Davis,LSU,2021
Butch Davis,Florida International,2021
Ryan Day,Ohio State,2021
Kalen DeBoer,Fresno State,2021
Michael Desormeaux,Louisiana,2021
Manny Diaz,Miami,2021
Jake Dickert,Washington State,2021
Dana Dimel,UTEP,2021
Dave Doeren,NC State,2021
Karl Dorrell,Colorado,2021
Eli Drinkwitz,Missouri,2021
Sonny Dykes,SMU,2021
Randy Edsall,Connecticut,2021
Herm Edwards,Arizona State,2021
Shawn Elliott,Georgia State,2021
Kirk Ferentz,Iowa,2021
Luke Fickell,Cincinnati,2021
Jedd Fisch,Arizona,2021
Jimbo Fisher,Texas A&M,2021
Pat Fitzgerald,Northwestern,2021
P.J. Fleck,Minnesota,2021
James Franklin,Penn State,2021
Marcus Freeman,Notre Dame,2021
Hugh Freeze,Liberty,2021
Willie Fritz,Tulane,2021
Scott Frost,Nebraska,2021
Justin Fuente,Virginia Tech,2021
Danny Gonzales,New Mexico,2021
Todd Graham,Hawai'i,2021
Bob Gregory,Washington,2021
Mike Gundy,Oklahoma State,2021
Jeff Hafley,Boston College,2021
Brandon Hall,Troy,2021
Will Hall,Southern Mississippi,2021
Thomas Hammock,Northern Illinois,2021
Jim Harbaugh,Michigan,2021
Bryan Harsin,Auburn,2021
Will Healy,Charlotte,2021
Clay Helton,USC,2021
Tyson Helton,Western Kentucky,2021
Josh Heupel,Tennessee,2021
Brady Hoke,San Diego State,2021
Dana Holgorsen,Houston,2021
Skip Holtz,Louisiana Tech,2021
Mike Houston,East Carolina,2021
Charles Huff,Marshall,2021
Butch Jones,Arkansas State,2021
Brian Kelly,Notre Dame,2021
Chip Kelly,UCLA,2021
Lane Kiffin,Ole Miss,2021
Jerry Kill,TCU,2021
Chris Klieman,Kansas State,2021
Greg Knox,Florida,2021
Jimmy Lake,Washington,2021
Clark Lea,Vanderbilt,2021
Mike Leach,Mississippi State,2021
Jim Leavitt,SMU,2021
Lance Leipold,Kansas,2021
Tim Lester,Western Michigan,2021
Sean Lewis,Kent State,2021
Chip Lindsey,Troy,2021
Maurice Linguist,Buffalo,2021
Seth Littrell,North Texas,2021
Mike Locksley,Maryland,2021
Scot Loeffler,Bowling Green,2021
Chad Lunsford,Georgia Southern,2021
Gus Malzahn,UCF,2021
Lee Marks,Fresno State,2021
Chuck Martin,Miami (OH),2021
Doug Martin,New Mexico State,2021
Bryan McClendon,Oregon,2021
Jim McElwain,Central Michigan,2021
Bronco Mendenhall,Virginia,2021
Alex Miller,UMass,2021
Jeff Monken,Army,2021
Philip Montgomery,Tulsa,2021
Dan Mullen,Florida,2021
Billy Napier,Louisiana,2021
Pat Narduzzi,Pittsburgh,2021
Mike Neu,Ball State,2021
Ken Niumatalolo,Navy,2021
Jay Norvell,Nevada,2021
Mike Norvell,Florida State,2021
Ed Orgeron,LSU,2021
Gary Patterson,TCU,2021
Sam Pittman,Arkansas,2021
J.C. Price,Virginia Tech,2021
Ricky Rahne,Old Dominion,2021
Lincoln Riley,Oklahoma,2021
Oscar Rodriguez,Akron,2021
Nick Rolovich,Washington State,2021
Nick Saban,Alabama,2021
Steve Sarkisian,Texas,2021
Scott Satterfield,Louisville,2021
Greg Schiano,Rutgers,2021
Jeff Scott,South Florida,2021
David Shaw,Stanford,2021
Ryan Silverfield,Memphis,2021
Jess Simpson,Miami,2021
Kalani Sitake,BYU,2021
Kirby Smart,Georgia,2021
Jonathan Smith,Oregon State,2021
Lou Spanos,Connecticut,2021
Jake Spavital,Texas State,2021
Rick Stockstill,Middle Tennessee,2021
Bob Stoops,Oklahoma,2021
Mark Stoops,Kentucky,2021
Dabo Swinney,Clemson,2021
Willie Taggart,Florida Atlantic,2021
Vai Taua,Nevada,2021
Jeff Traylor,UT San Antonio,2021
Mel Tucker,Michigan State,2021
Matt Wells,Texas Tech,2021
Kevin Whitley,Georgia Southern,2021
Kyle Whittingham,Utah,2021
Justin Wilcox,California,2021
Donte Williams,USC,2021
Kane Wommack,South Alabama,2021
Shaun Aguano,Arizona State,2022
Tim Albin,Ohio,2022
Josh Aldridge,Liberty,2022
Tom Allen,Indiana,2022
Blake Anderson,Utah State,2022
Dave Aranda,Baylor,2022
Zach Arnett,Mississippi State,2022
Marcus Arroyo,UNLV,2022
Andy Avalos,Boise State,2022
Dino Babers,Syracuse,2022
Shane Beamer,South Carolina,2022
Phil Bennett,North Texas,2022
Bret Bielema,Illinois,2022
Mike Bloomgren,Rice,2022
Craig Bohl,Wyoming,2022
Terry Bowden,Louisiana Monroe,2022
Deion Branch,Louisville,2022
David Braun,Northwestern,2022
Brent Brennan,San José State,2022
Brian Brohm,Purdue,2022
Jeff Brohm,Purdue,2022
Don Brown,UMass,2022
Mack Brown,North Carolina,2022
Neal Brown,West Virginia,2022
Troy Calhoun,Air Force,2022
Matt Campbell,Iowa State,2022
Jason Candle,Toledo,2022
Jamey Chadwell,Coastal Carolina,2022
Timmy Chang,Hawai'i,2022
Paul Chryst,Wisconsin,2022
Curt Cignetti,James Madison,2022
Shawn Clark,Appalachian State,2022
Dave Clawson,Wake Forest,2022
Geoff Collins,Georgia Tech,2022
Kerry Coombs,Cincinnati,2022
Chris Creighton,Eastern Michigan,2022
Mario Cristobal,Miami,2022
Sonny Cumbie,Louisiana Tech,2022
Daniel Da Prato,South Florida,2022
Ryan Day,Ohio State,2022
Kalen DeBoer,Washington,2022
Michael Desormeaux,Louisiana,2022
Jake Dickert,Washington State,2022
Dana Dimel,UTEP,2022
Dave Doeren,NC State,2022
Karl Dorrell,Colorado,2022
Stan Drayton,Temple,2022
Eli Drinkwitz,Missouri,2022
Sonny Dykes,TCU,2022
Herm Edwards,Arizona State,2022
Mike Elko,Duke,2022
Shawn Elliott,Georgia State,2022
Tony Elliott,Virginia,2022
Kirk Ferentz,Iowa,2022
Luke Fickell,Cincinnati,2022
Jedd Fisch,Arizona,2022
Jimbo Fisher,Texas A&M,2022
Pat Fitzgerald,Northwestern,2022
P.J. Fleck,Minnesota,2022
James Franklin,Penn State,2022
Marcus Freeman,Notre Dame,2022
Hugh Freeze,Liberty,2022
Willie Fritz,Tulane,2022
Scott Frost,Nebraska,2022
Danny Gonzales,New Mexico,2022
Mike Gundy,Oklahoma State,2022
Jeff Hafley,Boston College,2022
Will Hall,Southern Mississippi,2022
Thomas Hammock,Northern Illinois,2022
Jim Harbaugh,Michigan,2022
Bryan Harsin,Auburn,2022
Will Healy,Charlotte,2022
Clay Helton,Georgia Southern,2022
Tyson Helton,Western Kentucky,2022
Josh Heupel,Tennessee,2022
Brady Hoke,San Diego State,2022
Dana Holgorsen,Houston,2022
Mike Houston,East Carolina,2022
Charles Huff,Marshall,2022
Butch Jones,Arkansas State,2022
Mickey Joseph,Nebraska,2022
Brian Kelly,LSU,2022
Chip Kelly,UCLA,2022
Brent Key,Georgia Tech,2022
Lane Kiffin,Ole Miss,2022
Jerry Kill,New Mexico State,2022
Chris Klieman,Kansas State,2022
Dan Lanning,Oregon,2022
Rhett Lashlee,SMU,2022
Clark Lea,Vanderbilt,2022
Mike Leach,Mississippi State,2022
Lance Leipold,Kansas,2022
Jim Leonhard,Wisconsin,2022
Tim Lester,Western Michigan,2022
Sean Lewis,Kent State,2022
Maurice Linguist,Buffalo,2022
Seth Littrell,North Texas,2022
Mike Locksley,Maryland,2022
Scot Loeffler,Bowling Green,2022
Mike MacIntyre,Florida International,2022
Gus Malzahn,UCF,2022
Chuck Martin,Miami (OH),2022
Jim McElwain,Central Michigan,2022
Joey McGuire,Texas Tech,2022
Jeff Monken,Army,2022
Philip Montgomery,Tulsa,2022
Joe Moorhead,Akron,2022
Jim Mora,Connecticut,2022
Billy Napier,Florida,2022
Pat Narduzzi,Pittsburgh,2022
Mike Neu,Ball State,2022
Ken Niumatalolo,Navy,2022
Jay Norvell,Colorado State,2022
Mike Norvell,Florida State,2022
Sam Pittman,Arkansas,2022
Brent Pry,Virginia Tech,2022
Ricky Rahne,Old Dominion,2022
Lincoln Riley,USC,2022
Peter Rossomando,Charlotte,2022
Nick Saban,Alabama,2022
Mike Sanford,Colorado,2022
Steve Sarkisian,Texas,2022
Scott Satterfield,Louisville,2022
Greg Schiano,Rutgers,2022
Jeff Scott,South Florida,2022
David Shaw,Stanford,2022
Ryan Silverfield,Memphis,2022
Kalani Sitake,BYU,2022
Kirby Smart,Georgia,2022
Jonathan Smith,Oregon State,2022
Jake Spavital,Texas State,2022
Chad Staggs,Coastal Carolina,2022
Rick Stockstill,Middle Tennessee,2022
Mark Stoops,Kentucky,2022
Jon Sumrall,Troy,2022
Dabo Swinney,Clemson,2022
Willie Taggart,Florida Atlantic,2022
Jeff Tedford,Fresno State,2022
Jeff Traylor,UT San Antonio,2022
Mel Tucker,Michigan State,2022
Brent Venables,Oklahoma,2022
Bryant Vincent,UAB,2022
Kyle Whittingham,Utah,2022
Justin Wilcox,California,2022
Cadillac Williams,Auburn,2022
Ken Wilson,Nevada,2022
Kane Wommack,South Alabama,2022
Tim Albin,Ohio,2023
Tom Allen,Indiana,2023
Blake Anderson,Utah State,2023
Dave Aranda,Baylor,2023
Zach Arnett,Mississippi State,2023
Andy Avalos,Boise State,2023
Dino Babers,Syracuse,2023
Harlon Barnett,Michigan State,2023
Shane Beamer,South Carolina,2023
Tim Beck,Coastal Carolina,2023
Bret Bielema,Illinois,2023
Mike Bloomgren,Rice,2023
Craig Bohl,Wyoming,2023
Terry Bowden,Louisiana Monroe,2023
Brent Brennan,San José State,2023
Jeff Brohm,Louisville,2023
Don Brown,UMass,2023
Mack Brown,North Carolina,2023
Neal Brown,West Virginia,2023
Kenni Burns,Kent State,2023
Troy Calhoun,Air Force,2023
Matt Campbell,Iowa State,2023
Jason Candle,Toledo,2023
Jamey Chadwell,Liberty,2023
Timmy Chang,Hawai'i,2023
Curt Cignetti,James Madison,2023
Shawn Clark,Appalachian State,2023
Dave Clawson,Wake Forest,2023
Chris Creighton,Eastern Michigan,2023
Mario Cristobal,Miami,2023
Sonny Cumbie,Louisiana Tech,2023
Ryan Day,Ohio State,2023
Kalen DeBoer,Washington,2023
Michael Desormeaux,Louisiana,2023
Jake Dickert,Washington State,2023
Trent Dilfer,UAB,2023
Kenny Dillingham,Arizona State,2023
Dana Dimel,UTEP,2023
Dave Doeren,NC State,2023
Stan Drayton,Temple,2023
Eli Drinkwitz,Missouri,2023
Sonny Dykes,TCU,2023
Mike Elko,Duke,2023
Shawn Elliott,Georgia State,2023
Tony Elliott,Virginia,2023
Kirk Ferentz,Iowa,2023
Luke Fickell,Wisconsin,2023
Jedd Fisch,Arizona,2023
Jimbo Fisher,Texas A&M,2023
Pat Fitzgerald,Northwestern,2023
P.J. Fleck,Minnesota,2023
James Franklin,Penn State,2023
Marcus Freeman,Notre Dame,2023
Hugh Freeze,Auburn,2023
Willie Fritz,Tulane,2023
Alex Golesh,South Florida,2023
Danny Gonzales,New Mexico,2023
Mike Gundy,Oklahoma State,2023
Jeff Hafley,Boston College,2023
Will Hall,Southern Mississippi,2023
Thomas Hammock,Northern Illinois,2023
Jim Harbaugh,Michigan,2023
Clay Helton,Georgia Southern,2023
Tyson Helton,Western Kentucky,2023
Tom Herman,Florida Atlantic,2023
Josh Heupel,Tennessee,2023
Brady Hoke,San Diego State,2023
Dana Holgorsen,Houston,2023
Mike Houston,East Carolina,2023
Charles Huff,Marshall,2023
Butch Jones,Arkansas State,2023
Brian Kelly,LSU,2023
Chip Kelly,UCLA,2023
Brent Key,Georgia Tech,2023
Lane Kiffin,Ole Miss,2023
Jerry Kill,New Mexico State,2023
G.J. Kinne,Texas State,2023
Chris Klieman,Kansas State,2023
Dan Lanning,Oregon,2023
Rhett Lashlee,SMU,2023
Clark Lea,Vanderbilt,2023
Lance Leipold,Kansas,2023
Maurice Linguist,Buffalo,2023
Mike Locksley,Maryland,2023
Scot Loeffler,Bowling Green,2023
Mike MacIntyre,Florida International,2023
Gus Malzahn,UCF,2023
Chuck Martin,Miami (OH),2023
Jim McElwain,Central Michigan,2023
Joey McGuire,Texas Tech,2023
Jeff Monken,Army,2023
Joe Moorhead,Akron,2023
Jim Mora,Connecticut,2023
Eric Morris,North Texas,2023
Billy Napier,Florida,2023
Pat Narduzzi,Pittsburgh,2023
Mike Neu,Ball State,2023
Brian Newberry,Navy,2023
Jay Norvell,Colorado State,2023
Mike Norvell,Florida State,2023
Barry Odom,UNLV,2023
Sam Pittman,Arkansas,2023
Biff Poggi,Charlotte,2023
Brent Pry,Virginia Tech,2023
Ricky Rahne,Old Dominion,2023
Matt Rhule,Nebraska,2023
Lincoln Riley,USC,2023
Nick Saban,Alabama,2023
Deion Sanders,Colorado,2023
Steve Sarkisian,Texas,2023
Scott Satterfield,Cincinnati,2023
Greg Schiano,Rutgers,2023
Ryan Silverfield,Memphis,2023
Kalani Sitake,BYU,2023
Kirby Smart,Georgia,2023
Jonathan Smith,Oregon State,2023
Rick Stockstill,Middle Tennessee,2023
Mark Stoops,Kentucky,2023
Jon Sumrall,Troy,2023
Dabo Swinney,Clemson,2023
Lance Taylor,Western Michigan,2023
Troy Taylor,Stanford,2023
Jeff Tedford,Fresno State,2023
Jeff Traylor,UT San Antonio,2023
Mel Tucker,Michigan State,2023
Brent Venables,Oklahoma,2023
Ryan Walters,Purdue,2023
Kyle Whittingham,Utah,2023
Justin Wilcox,California,2023
Ken Wilson,Nevada,2023
Kevin Wilson,Tulsa,2023
Kane Wommack,South Alabama,2023
