,year,rank,team,rating
0,2005,1,USC,8.4
1,2005,2,Miami,6.8
2,2005,3,Oregon St,6.7
3,2005,4,Oklahoma,6.4
4,2005,5,Arizona St,6.4
5,2005,6,California,6.4
6,2005,7,VA Tech,6.1
7,2005,8,Texas,5.7
8,2005,9,Texas Tech,5.6
9,2005,10,Texas A&M,5.2
10,2005,11,N Carolina,4.9
11,2005,12,Iowa,4.5
12,2005,13,Stanford,4.2
13,2005,14,Louisville,4.2
14,2005,15,Oklahoma St,4.2
15,2005,16,Virginia,4.0
16,2005,17,Notre Dame,4.0
17,2005,18,LSU,3.9
18,2005,19,Ohio St,3.7
19,2005,20,Michigan,3.4
20,2005,21,Georgia,3.3
21,2005,22,Florida St,3.2
22,2005,23,Auburn,3.0
23,2005,24,Tennessee,3.0
24,2005,25,GA Tech,3.0
25,2005,26,UCLA,3.0
26,2005,27,Arkansas,3.0
27,2005,28,Purdue,2.7
28,2005,29,Florida,2.6
29,2005,30,BYU,2.4
30,2005,31,Northwestern,2.2
31,2005,32,Colorado,2.2
32,2005,33,Clemson,2.2
33,2005,34,Arizona,2.2
34,2005,35,NC State,2.1
35,2005,36,Kansas,2.0
36,2005,37,Oregon,1.9
37,2005,38,Boise St,1.8
38,2005,39,Maryland,1.6
39,2005,40,Washington,1.6
40,2005,41,Wisconsin,1.6
41,2005,42,Wash State,1.6
42,2005,43,Penn St,1.4
43,2005,44,Kansas St,0.9
44,2005,45,Iowa St,0.8
45,2005,46,S Carolina,0.6
46,2005,47,New Mexico,0.3
47,2005,48,Michigan St,0.1
48,2005,49,Minnesota,0.1
49,2005,50,Alabama,0.0
50,2005,51,Duke,0.0
51,2005,52,Mississippi,-0.1
52,2005,53,Indiana,-0.2
53,2005,54,Syracuse,-0.2
54,2005,55,Fresno St,-0.3
55,2005,56,Wake Forest,-0.3
56,2005,57,Kentucky,-0.8
57,2005,58,LA Tech,-1.0
58,2005,59,Utah,-1.5
59,2005,60,Colorado St,-1.6
60,2005,61,Nebraska,-1.6
61,2005,62,Cincinnati,-1.7
62,2005,63,San Diego St,-1.8
63,2005,64,Missouri,-1.9
64,2005,65,Illinois,-2.1
65,2005,66,TX El Paso,-2.2
66,2005,67,Wyoming,-2.2
67,2005,68,W Virginia,-2.4
68,2005,69,Houston,-2.5
69,2005,70,Baylor,-2.5
70,2005,71,UNLV,-2.6
71,2005,72,Bowling Grn,-2.7
72,2005,73,Marshall,-2.8
73,2005,74,S Mississippi,-2.8
74,2005,75,Boston Col,-3.0
75,2005,76,Pittsburgh,-3.0
76,2005,77,Vanderbilt,-3.1
77,2005,78,Air Force,-3.2
78,2005,79,Miss State,-3.6
79,2005,80,Temple,-3.6
80,2005,81,Memphis,-3.6
81,2005,82,TX Christian,-3.7
82,2005,83,Army,-4.2
83,2005,84,Toledo,-4.4
84,2005,85,Rutgers,-4.4
85,2005,86,E Carolina,-4.4
86,2005,87,UAB,-4.5
87,2005,88,S Methodist,-4.5
88,2005,89,S Florida,-5.2
89,2005,90,Rice,-5.3
90,2005,91,Troy,-5.5
91,2005,92,Miami,-5.5
92,2005,93,Connecticut,-5.6
93,2005,94,Tulsa,-5.7
94,2005,95,UCF,-6.0
95,2005,96,Akron,-6.4
96,2005,97,Utah St,-6.6
97,2005,98,Hawaii,-6.6
98,2005,99,Tulane,-6.7
99,2005,100,Ohio,-6.9
100,2005,101,San Jose St,-6.9
101,2005,102,N Illinois,-7.3
102,2005,103,N Mex State,-7.6
103,2005,104,Arkansas St,-7.9
104,2005,105,Ball St,-8.5
105,2005,106,Navy,-8.6
106,2005,107,Kent St,-8.7
107,2005,108,Buffalo,-8.8
108,2005,109,Nevada,-8.9
109,2005,110,Idaho,-9.6
110,2005,111,W Michigan,-10.0
111,2005,112,Central Mich,-10.4
112,2005,113,North Texas,-10.6
113,2005,114,Middle Tenn,-10.7
114,2005,115,UL Monroe,-11.2
115,2005,116,Louisiana,-12.3
116,2005,117,E Michigan,-12.5
117,2006,1,Texas,10.7
118,2006,2,USC,10.2
119,2006,3,Ohio St,9.4
120,2006,4,Michigan,6.9
121,2006,5,Notre Dame,6.1
122,2006,6,Minnesota,5.8
123,2006,7,Penn St,5.5
124,2006,8,Oklahoma,5.3
125,2006,9,Northwestern,5.1
126,2006,10,VA Tech,4.8
127,2006,11,Michigan St,4.2
128,2006,12,Iowa,4.1
129,2006,13,Florida St,3.8
130,2006,14,Purdue,3.6
131,2006,15,Oregon,3.5
132,2006,16,N Carolina,3.4
133,2006,17,LSU,3.3
134,2006,18,Miami,3.3
135,2006,19,Wisconsin,3.3
136,2006,20,Georgia,3.3
137,2006,21,Boston Col,3.0
138,2006,22,Maryland,2.9
139,2006,23,Texas Tech,2.9
140,2006,24,W Virginia,2.9
141,2006,25,GA Tech,2.9
142,2006,26,Colorado,2.8
143,2006,27,Stanford,2.7
144,2006,28,S Florida,2.6
145,2006,29,Florida,2.4
146,2006,30,Texas A&M,2.4
147,2006,31,Arizona St,2.4
148,2006,32,Tennessee,2.2
149,2006,33,Alabama,2.1
150,2006,34,Louisville,2.0
151,2006,35,Auburn,2.0
152,2006,36,UCLA,1.9
153,2006,37,Iowa St,1.8
154,2006,38,Washington,1.7
155,2006,39,Clemson,1.7
156,2006,40,Nebraska,1.5
157,2006,41,Arizona,1.4
158,2006,42,NC State,1.4
159,2006,43,S Carolina,1.2
160,2006,44,Virginia,1.2
161,2006,45,Arkansas,1.0
162,2006,46,Baylor,0.7
163,2006,47,Temple,0.7
164,2006,48,Wake Forest,0.6
165,2006,49,Oregon St,0.6
166,2006,50,California,0.5
167,2006,51,Kansas,0.4
168,2006,52,TX Christian,0.3
169,2006,53,BYU,0.1
170,2006,54,Illinois,0.1
171,2006,55,Wash State,0.0
172,2006,56,Fresno St,0.0
173,2006,57,Pittsburgh,-0.3
174,2006,58,Colorado St,-0.4
175,2006,59,Missouri,-0.4
176,2006,60,Syracuse,-0.7
177,2006,61,Ball St,-0.8
178,2006,62,Indiana,-0.9
179,2006,63,San Diego St,-0.9
180,2006,64,Kansas St,-1.0
181,2006,65,Tulsa,-1.3
182,2006,66,Cincinnati,-1.3
183,2006,67,Vanderbilt,-1.5
184,2006,68,Air Force,-1.8
185,2006,69,Wyoming,-1.8
186,2006,70,N Illinois,-2.0
187,2006,71,New Mexico,-2.0
188,2006,72,Connecticut,-2.1
189,2006,73,Utah,-2.3
190,2006,74,Oklahoma St,-2.5
191,2006,75,Central Mich,-2.6
192,2006,76,Kentucky,-2.6
193,2006,77,Rutgers,-2.7
194,2006,78,Boise St,-2.7
195,2006,79,Rice,-2.8
196,2006,80,S Mississippi,-2.8
197,2006,81,Miss State,-2.9
198,2006,82,Army,-3.1
199,2006,83,Mississippi,-3.1
200,2006,84,UCF,-3.1
201,2006,85,Hawaii,-3.2
202,2006,86,E Carolina,-3.6
203,2006,87,Memphis,-3.8
204,2006,88,Duke,-4.0
205,2006,89,S Methodist,-4.0
206,2006,90,Houston,-4.2
207,2006,91,Akron,-4.3
208,2006,92,Ohio,-4.4
209,2006,93,Miami,-4.5
210,2006,94,Toledo,-4.6
211,2006,95,Bowling Grn,-4.6
212,2006,96,UNLV,-4.9
213,2006,97,LA Tech,-5.2
214,2006,98,E Michigan,-5.3
215,2006,99,UAB,-5.5
216,2006,100,Marshall,-5.7
217,2006,101,Navy,-5.8
218,2006,102,Buffalo,-6.0
219,2006,103,Tulane,-6.5
220,2006,104,Nevada,-6.6
221,2006,105,TX El Paso,-6.7
222,2006,106,N Mex State,-6.7
223,2006,107,Utah St,-7.1
224,2006,108,Kent St,-7.4
225,2006,109,W Michigan,-7.4
226,2006,110,Idaho,-7.4
227,2006,111,Middle Tenn,-8.5
228,2006,112,Fla Atlantic,-9.3
229,2006,113,North Texas,-9.3
230,2006,114,San Jose St,-10.2
231,2006,115,Louisiana,-10.5
232,2006,116,Arkansas St,-11.1
233,2006,117,UL Monroe,-11.3
234,2006,118,Troy,-11.3
235,2006,119,Florida Intl,-12.4
236,2007,1,Florida,6.3
237,2007,2,USC,5.3
238,2007,3,Tennessee,4.8
239,2007,4,Arkansas,4.5
240,2007,5,Michigan,4.3
241,2007,6,LSU,4.2
242,2007,7,Oklahoma,3.9
243,2007,8,Ohio St,3.7
244,2007,9,California,3.5
245,2007,10,Oregon,3.4
246,2007,11,Stanford,3.2
247,2007,12,Oregon St,3.0
248,2007,13,Arizona,2.9
249,2007,14,Louisville,2.9
250,2007,15,Nebraska,2.9
251,2007,16,UCLA,2.9
252,2007,17,Auburn,2.8
253,2007,18,S Carolina,2.7
254,2007,19,Texas,2.7
255,2007,20,Rutgers,2.5
256,2007,21,Arizona St,2.5
257,2007,22,W Virginia,2.3
258,2007,23,Alabama,2.3
259,2007,24,Kentucky,2.2
260,2007,25,Washington,2.2
261,2007,26,Cincinnati,2.0
262,2007,27,Notre Dame,2.0
263,2007,28,BYU,1.9
264,2007,29,Oklahoma St,1.7
265,2007,30,Syracuse,1.7
266,2007,31,Boston Col,1.6
267,2007,32,Georgia,1.5
268,2007,33,Wash State,1.5
269,2007,34,Texas Tech,1.3
270,2007,35,Minnesota,1.3
271,2007,36,Penn St,1.0
272,2007,37,Texas A&M,1.0
273,2007,38,Boise St,1.0
274,2007,39,Clemson,0.7
275,2007,40,Pittsburgh,0.6
276,2007,41,Wake Forest,0.5
277,2007,42,Vanderbilt,0.4
278,2007,43,GA Tech,0.2
279,2007,44,VA Tech,0.2
280,2007,45,Missouri,0.0
281,2007,46,Florida St,-0.1
282,2007,47,S Florida,-0.2
283,2007,48,Iowa,-0.3
284,2007,49,Miss State,-0.4
285,2007,50,Utah,-0.4
286,2007,51,Air Force,-0.5
287,2007,52,Kansas St,-0.7
288,2007,53,Connecticut,-0.7
289,2007,54,Mississippi,-0.8
290,2007,55,Miami,-0.8
291,2007,56,Maryland,-1.0
292,2007,57,Wisconsin,-1.2
293,2007,58,Iowa St,-1.2
294,2007,59,Baylor,-1.5
295,2007,60,Virginia,-1.6
296,2007,61,Hawaii,-1.6
297,2007,62,Colorado,-1.6
298,2007,63,Wyoming,-1.7
299,2007,64,TX Christian,-1.7
300,2007,65,NC State,-1.8
301,2007,66,Michigan St,-1.9
302,2007,67,S Mississippi,-2.0
303,2007,68,Purdue,-2.1
304,2007,69,N Carolina,-2.2
305,2007,70,Indiana,-2.3
306,2007,71,Tulsa,-2.3
307,2007,72,Northwestern,-2.3
308,2007,73,E Carolina,-2.4
309,2007,74,Rice,-2.8
310,2007,75,Kansas,-2.9
311,2007,76,Colorado St,-2.9
312,2007,77,Illinois,-3.1
313,2007,78,Houston,-3.3
314,2007,79,Nevada,-3.4
315,2007,80,Fresno St,-3.8
316,2007,81,New Mexico,-3.8
317,2007,82,Tulane,-3.8
318,2007,83,Central Mich,-4.1
319,2007,84,UNLV,-4.1
320,2007,85,W Michigan,-4.2
321,2007,86,Duke,-4.2
322,2007,87,Navy,-4.2
323,2007,88,San Diego St,-4.3
324,2007,89,UAB,-4.4
325,2007,90,N Illinois,-4.5
326,2007,91,E Michigan,-4.5
327,2007,92,Temple,-4.5
328,2007,93,Ohio,-4.7
329,2007,94,Marshall,-4.8
330,2007,95,Middle Tenn,-4.9
331,2007,96,Miami,-5.4
332,2007,97,TX El Paso,-5.5
333,2007,98,UCF,-5.5
334,2007,99,Akron,-5.7
335,2007,100,Memphis,-5.9
336,2007,101,Ball St,-6.1
337,2007,102,Army,-6.1
338,2007,103,San Jose St,-6.3
339,2007,104,S Methodist,-6.3
340,2007,105,Buffalo,-6.3
341,2007,106,UL Monroe,-6.5
342,2007,107,Utah St,-6.6
343,2007,108,Toledo,-6.9
344,2007,109,Troy,-7.3
345,2007,110,Arkansas St,-7.5
346,2007,111,Fla Atlantic,-8.0
347,2007,112,Kent St,-8.2
348,2007,113,Florida Intl,-8.2
349,2007,114,Bowling Grn,-8.5
350,2007,115,Idaho,-8.6
351,2007,116,North Texas,-8.9
352,2007,117,N Mex State,-9.0
353,2007,118,Louisiana,-9.2
354,2007,119,LA Tech,-10.7
355,2008,1,Oklahoma,8.2
356,2008,2,Missouri,7.7
357,2008,3,UCLA,7.5
358,2008,4,W Virginia,7.4
359,2008,5,Oregon St,7.2
360,2008,6,Oregon,7.0
361,2008,7,Washington,6.8
362,2008,8,USC,6.8
363,2008,9,LSU,6.5
364,2008,10,Florida,6.4
365,2008,11,Arizona,6.0
366,2008,12,California,5.7
367,2008,13,S Florida,5.6
368,2008,14,Auburn,5.5
369,2008,15,Tennessee,5.4
370,2008,16,Arizona St,5.4
371,2008,17,Georgia,5.1
372,2008,18,Oklahoma St,5.0
373,2008,19,S Carolina,4.7
374,2008,20,VA Tech,4.6
375,2008,21,Texas A&M,4.4
376,2008,22,Ohio St,4.4
377,2008,23,Nebraska,4.3
378,2008,24,Kentucky,4.2
379,2008,25,Louisville,4.0
380,2008,26,Texas,4.0
381,2008,27,Kansas,3.9
382,2008,28,Wash State,3.9
383,2008,29,Arkansas,3.5
384,2008,30,Florida St,3.4
385,2008,31,Michigan,3.3
386,2008,32,Cincinnati,3.3
387,2008,33,Colorado,3.2
388,2008,34,Texas Tech,3.1
389,2008,35,Stanford,2.7
390,2008,36,Alabama,2.6
391,2008,37,Maryland,2.5
392,2008,38,Kansas St,2.4
393,2008,39,Illinois,2.2
394,2008,40,BYU,1.9
395,2008,41,Clemson,1.8
396,2008,42,Pittsburgh,1.6
397,2008,43,Boston Col,1.6
398,2008,44,Penn St,1.4
399,2008,45,Miss State,1.4
400,2008,46,Notre Dame,1.4
401,2008,47,Connecticut,1.1
402,2008,48,Michigan St,1.1
403,2008,49,Duke,1.0
404,2008,50,Rutgers,0.8
405,2008,51,Utah,0.8
406,2008,52,Mississippi,0.7
407,2008,53,Wisconsin,0.7
408,2008,54,Vanderbilt,0.5
409,2008,55,Syracuse,0.5
410,2008,56,Wake Forest,0.3
411,2008,57,Virginia,0.2
412,2008,58,GA Tech,0.0
413,2008,59,NC State,-0.6
414,2008,60,Colorado St,-1.0
415,2008,61,N Carolina,-1.1
416,2008,62,TX Christian,-1.1
417,2008,63,UNLV,-1.8
418,2008,64,Miami,-1.8
419,2008,65,Purdue,-2.0
420,2008,66,Wyoming,-2.3
421,2008,67,Indiana,-2.3
422,2008,68,San Diego St,-2.3
423,2008,69,Iowa St,-2.3
424,2008,70,Air Force,-2.4
425,2008,71,Minnesota,-3.2
426,2008,72,New Mexico,-3.4
427,2008,73,Iowa,-3.5
428,2008,74,Troy,-3.6
429,2008,75,Fresno St,-3.8
430,2008,76,Baylor,-3.9
431,2008,77,Boise St,-4.4
432,2008,78,E Carolina,-4.5
433,2008,79,UCF,-4.5
434,2008,80,Northwestern,-4.9
435,2008,81,Hawaii,-5.2
436,2008,82,Tulsa,-5.4
437,2008,83,Houston,-5.6
438,2008,84,Ball St,-6.3
439,2008,85,S Mississippi,-6.6
440,2008,86,Marshall,-6.9
441,2008,87,Navy,-7.2
442,2008,88,Central Mich,-7.4
443,2008,89,Nevada,-7.9
444,2008,90,Fla Atlantic,-7.9
445,2008,91,Utah St,-8.1
446,2008,92,UAB,-8.6
447,2008,93,TX El Paso,-8.7
448,2008,94,LA Tech,-8.9
449,2008,95,San Jose St,-8.9
450,2008,96,Middle Tenn,-8.9
451,2008,97,W Michigan,-8.9
452,2008,98,Miami,-9.0
453,2008,99,Army,-9.2
454,2008,100,E Michigan,-9.5
455,2008,101,Akron,-9.6
456,2008,102,Bowling Grn,-9.6
457,2008,103,UL Monroe,-9.6
458,2008,104,S Methodist,-9.8
459,2008,105,Buffalo,-10.6
460,2008,106,Toledo,-10.9
461,2008,107,Rice,-10.9
462,2008,108,Arkansas St,-11.0
463,2008,109,Florida Intl,-11.2
464,2008,110,Temple,-11.4
465,2008,111,Tulane,-11.7
466,2008,112,North Texas,-11.9
467,2008,113,Idaho,-12.4
468,2008,114,N Illinois,-12.5
469,2008,115,Kent St,-12.5
470,2008,116,Memphis,-12.6
471,2008,117,Louisiana,-12.6
472,2008,118,Ohio,-13.0
473,2008,119,N Mex State,-13.2
474,2008,120,W Kentucky,-15.2
475,2009,1,Oklahoma,13.9
476,2009,2,Florida,11.2
477,2009,3,Texas,10.8
478,2009,4,USC,10.6
479,2009,5,Penn St,8.9
480,2009,6,Oregon,8.2
481,2009,7,Ohio St,8.1
482,2009,8,Oregon St,8.1
483,2009,9,Oklahoma St,7.4
484,2009,10,Texas Tech,7.1
485,2009,11,Missouri,6.5
486,2009,12,Alabama,5.8
487,2009,13,California,5.4
488,2009,14,TX Christian,5.3
489,2009,15,Georgia,4.7
490,2009,16,Mississippi,4.6
491,2009,17,Stanford,4.5
492,2009,18,Arizona,4.5
493,2009,19,Kansas,3.8
494,2009,20,Michigan St,3.0
495,2009,21,Pittsburgh,2.8
496,2009,22,S Carolina,2.8
497,2009,23,Baylor,2.5
498,2009,24,Florida St,2.4
499,2009,25,Nebraska,2.2
500,2009,26,Arkansas,2.1
501,2009,27,Arizona St,2.1
502,2009,28,LSU,1.9
503,2009,29,Vanderbilt,1.9
504,2009,30,Iowa,1.7
505,2009,31,Purdue,1.6
506,2009,32,Wake Forest,1.5
507,2009,33,Miami,1.4
508,2009,34,Utah,1.4
509,2009,35,UCLA,1.1
510,2009,36,Clemson,1.1
511,2009,37,Illinois,1.0
512,2009,38,Tennessee,0.9
513,2009,39,NC State,0.9
514,2009,40,Virginia,0.9
515,2009,41,VA Tech,0.9
516,2009,42,Boise St,0.7
517,2009,43,Auburn,0.6
518,2009,44,GA Tech,0.5
519,2009,45,Colorado,0.5
520,2009,46,N Carolina,0.4
521,2009,47,Wisconsin,0.3
522,2009,48,Michigan,0.1
523,2009,49,Washington,0.0
524,2009,50,Boston Col,0.0
525,2009,51,Cincinnati,-0.1
526,2009,52,BYU,-0.3
527,2009,53,Rutgers,-0.3
528,2009,54,W Virginia,-0.4
529,2009,55,Connecticut,-0.4
530,2009,56,Maryland,-0.6
531,2009,57,Notre Dame,-0.7
532,2009,58,Duke,-1.0
533,2009,59,S Florida,-1.2
534,2009,60,Northwestern,-1.3
535,2009,61,Texas A&M,-1.3
536,2009,62,Kentucky,-1.5
537,2009,63,Syracuse,-1.9
538,2009,64,Kansas St,-2.0
539,2009,65,Navy,-2.0
540,2009,66,Minnesota,-2.1
541,2009,67,New Mexico,-2.4
542,2009,68,Miss State,-2.6
543,2009,69,Houston,-3.2
544,2009,70,E Carolina,-3.3
545,2009,71,Iowa St,-3.3
546,2009,72,Louisville,-3.6
547,2009,73,Air Force,-3.6
548,2009,74,Marshall,-4.3
549,2009,75,Colorado St,-4.3
550,2009,76,Troy,-4.4
551,2009,77,S Mississippi,-4.8
552,2009,78,Buffalo,-4.8
553,2009,79,Rice,-4.9
554,2009,80,Nevada,-5.6
555,2009,81,Indiana,-5.9
556,2009,82,TX El Paso,-5.9
557,2009,83,UNLV,-6.1
558,2009,84,Bowling Grn,-6.2
559,2009,85,Temple,-6.6
560,2009,86,W Michigan,-6.7
561,2009,87,Akron,-6.7
562,2009,88,Central Mich,-6.8
563,2009,89,Tulsa,-6.9
564,2009,90,UCF,-6.9
565,2009,91,Fresno St,-7.0
566,2009,92,Toledo,-7.2
567,2009,93,N Illinois,-7.2
568,2009,94,S Methodist,-7.4
569,2009,95,Utah St,-7.5
570,2009,96,UAB,-7.6
571,2009,97,Wash State,-7.8
572,2009,98,Hawaii,-7.8
573,2009,99,Ball St,-7.9
574,2009,100,Ohio,-8.0
575,2009,101,Fla Atlantic,-8.2
576,2009,102,Wyoming,-8.2
577,2009,103,Kent St,-8.3
578,2009,104,Memphis,-8.5
579,2009,105,Miami,-8.7
580,2009,106,E Michigan,-8.7
581,2009,107,Louisiana,-8.8
582,2009,108,Middle Tenn,-9.0
583,2009,109,Arkansas St,-9.0
584,2009,110,North Texas,-9.1
585,2009,111,Florida Intl,-9.1
586,2009,112,Army,-9.5
587,2009,113,Tulane,-9.8
588,2009,114,LA Tech,-10.0
589,2009,115,San Diego St,-10.3
590,2009,116,San Jose St,-10.7
591,2009,117,UL Monroe,-11.2
592,2009,118,N Mex State,-12.3
593,2009,119,W Kentucky,-13.3
594,2009,120,Idaho,-14.7
595,2010,1,Alabama,11.4
596,2010,2,Oklahoma,10.3
597,2010,3,Texas,9.8
598,2010,4,Florida,8.6
599,2010,5,Nebraska,7.4
600,2010,6,LSU,7.3
601,2010,7,Oregon,7.2
602,2010,8,Arkansas,6.9
603,2010,9,VA Tech,6.8
604,2010,10,Texas Tech,6.5
605,2010,11,Georgia,6.5
606,2010,12,Miss State,6.4
607,2010,13,Miami,6.4
608,2010,14,USC,6.0
609,2010,15,Arizona,6.0
610,2010,16,Tennessee,5.7
611,2010,17,GA Tech,5.5
612,2010,18,S Carolina,5.5
613,2010,19,Florida St,5.3
614,2010,20,Stanford,5.1
615,2010,21,TX Christian,5.0
616,2010,22,Oklahoma St,4.7
617,2010,23,Clemson,4.7
618,2010,24,Auburn,4.4
619,2010,25,Oregon St,4.3
620,2010,26,Washington,4.2
621,2010,27,Mississippi,4.1
622,2010,28,Ohio St,3.8
623,2010,29,Cincinnati,3.8
624,2010,30,Baylor,3.6
625,2010,31,California,3.4
626,2010,32,Iowa,3.3
627,2010,33,Kansas,3.2
628,2010,34,N Carolina,3.1
629,2010,35,Kentucky,3.0
630,2010,36,UCLA,3.0
631,2010,37,Notre Dame,2.8
632,2010,38,Connecticut,2.4
633,2010,39,Boston Col,2.2
634,2010,40,Texas A&M,2.1
635,2010,41,Arizona St,2.1
636,2010,42,Missouri,2.0
637,2010,43,Michigan St,1.9
638,2010,44,Virginia,1.9
639,2010,45,Pittsburgh,1.5
640,2010,46,Wake Forest,1.5
641,2010,47,BYU,1.5
642,2010,48,W Virginia,1.4
643,2010,49,Penn St,1.1
644,2010,50,Boise St,1.0
645,2010,51,Minnesota,0.9
646,2010,52,Vanderbilt,0.7
647,2010,53,Wisconsin,0.6
648,2010,54,Purdue,0.5
649,2010,55,Colorado,0.4
650,2010,56,S Florida,0.2
651,2010,57,Utah,0.1
652,2010,58,Air Force,0.1
653,2010,59,Illinois,-0.1
654,2010,60,Louisville,-0.2
655,2010,61,Houston,-0.2
656,2010,62,Maryland,-0.4
657,2010,63,Kansas St,-0.7
658,2010,64,E Carolina,-0.7
659,2010,65,NC State,-0.9
660,2010,66,Michigan,-0.9
661,2010,67,Wash State,-1.4
662,2010,68,Iowa St,-1.4
663,2010,69,Navy,-1.9
664,2010,70,Syracuse,-2.2
665,2010,71,Rutgers,-2.4
666,2010,72,Duke,-2.5
667,2010,73,Indiana,-2.6
668,2010,74,Northwestern,-2.8
669,2010,75,Central Mich,-3.5
670,2010,76,LA Tech,-3.8
671,2010,77,UCF,-4.1
672,2010,78,S Mississippi,-4.3
673,2010,79,Fresno St,-4.8
674,2010,80,Wyoming,-4.8
675,2010,81,Nevada,-5.0
676,2010,82,UAB,-5.3
677,2010,83,Memphis,-5.3
678,2010,84,Tulsa,-5.4
679,2010,85,Miami,-5.4
680,2010,86,Troy,-5.6
681,2010,87,Colorado St,-5.9
682,2010,88,Bowling Grn,-6.3
683,2010,89,Marshall,-6.4
684,2010,90,UNLV,-6.4
685,2010,91,Utah St,-6.4
686,2010,92,S Methodist,-6.5
687,2010,93,New Mexico,-6.6
688,2010,94,Rice,-7.1
689,2010,95,Middle Tenn,-7.1
690,2010,96,Ohio,-7.2
691,2010,97,Buffalo,-7.3
692,2010,98,Florida Intl,-7.5
693,2010,99,N Illinois,-7.7
694,2010,100,San Diego St,-8.1
695,2010,101,Toledo,-8.3
696,2010,102,Temple,-8.6
697,2010,103,Idaho,-8.6
698,2010,104,TX El Paso,-8.6
699,2010,105,UL Monroe,-8.7
700,2010,106,W Kentucky,-9.2
701,2010,107,Hawaii,-9.2
702,2010,108,Fla Atlantic,-9.3
703,2010,109,Akron,-9.3
704,2010,110,Arkansas St,-9.3
705,2010,111,W Michigan,-9.6
706,2010,112,E Michigan,-9.8
707,2010,113,Kent St,-10.3
708,2010,114,Ball St,-10.4
709,2010,115,Tulane,-10.7
710,2010,116,San Jose St,-10.9
711,2010,117,Army,-10.9
712,2010,118,Louisiana,-11.1
713,2010,119,North Texas,-11.5
714,2010,120,N Mex State,-12.6
715,2011,1,Auburn,9.8
716,2011,2,Oregon,9.4
717,2011,3,Arkansas,9.2
718,2011,4,Stanford,9.0
719,2011,5,Oregon St,8.9
720,2011,6,Alabama,8.5
721,2011,7,S Carolina,8.2
722,2011,8,LSU,7.2
723,2011,9,Oklahoma,6.5
724,2011,10,Arizona St,6.4
725,2011,11,Washington,6.2
726,2011,12,Florida St,6.1
727,2011,13,USC,5.8
728,2011,14,VA Tech,5.7
729,2011,15,Florida,5.6
730,2011,16,Miss State,5.4
731,2011,17,California,5.2
732,2011,18,Arizona,5.2
733,2011,19,Georgia,5.1
734,2011,20,Texas A&M,5.1
735,2011,21,Ohio St,4.9
736,2011,22,UCLA,4.8
737,2011,23,Miami,4.7
738,2011,24,Boise St,4.1
739,2011,25,Wisconsin,4.1
740,2011,26,Missouri,3.6
741,2011,27,NC State,3.5
742,2011,28,Nebraska,3.4
743,2011,29,TX Christian,3.3
744,2011,30,Clemson,3.2
745,2011,31,Oklahoma St,3.1
746,2011,32,Notre Dame,3.0
747,2011,33,Tennessee,3.0
748,2011,34,Utah,3.0
749,2011,35,Iowa,2.1
750,2011,36,Pittsburgh,2.1
751,2011,37,N Carolina,2.0
752,2011,38,Kentucky,1.7
753,2011,39,Wash State,1.5
754,2011,40,W Virginia,1.0
755,2011,41,Iowa St,0.5
756,2011,42,Michigan St,0.5
757,2011,43,Maryland,0.5
758,2011,44,Michigan,0.5
759,2011,45,Texas,0.4
760,2011,46,Colorado,0.3
761,2011,47,Cincinnati,0.2
762,2011,48,Boston Col,0.1
763,2011,49,Illinois,0.0
764,2011,50,Texas Tech,0.0
765,2011,51,Penn St,-0.1
766,2011,52,Baylor,-0.2
767,2011,53,Air Force,-0.2
768,2011,54,S Florida,-0.3
769,2011,55,GA Tech,-0.4
770,2011,56,BYU,-0.6
771,2011,57,Connecticut,-0.8
772,2011,58,Kansas St,-0.9
773,2011,59,Minnesota,-1.0
774,2011,60,Nevada,-1.1
775,2011,61,Mississippi,-1.2
776,2011,62,Louisville,-1.4
777,2011,63,Vanderbilt,-1.5
778,2011,64,Wake Forest,-1.5
779,2011,65,Duke,-2.2
780,2011,66,Syracuse,-2.8
781,2011,67,Virginia,-3.1
782,2011,68,San Diego St,-3.1
783,2011,69,Hawaii,-3.4
784,2011,70,Rutgers,-3.7
785,2011,71,E Carolina,-3.7
786,2011,72,Navy,-3.7
787,2011,73,Northwestern,-4.1
788,2011,74,Tulsa,-4.3
789,2011,75,Fresno St,-4.6
790,2011,76,UNLV,-4.8
791,2011,77,Houston,-5.2
792,2011,78,Kansas,-5.3
793,2011,79,S Methodist,-5.5
794,2011,80,Purdue,-5.5
795,2011,81,UCF,-5.8
796,2011,82,Wyoming,-6.3
797,2011,83,S Mississippi,-6.3
798,2011,84,Memphis,-6.4
799,2011,85,LA Tech,-6.5
800,2011,86,Indiana,-6.8
801,2011,87,Idaho,-7.4
802,2011,88,Utah St,-7.5
803,2011,89,Colorado St,-7.6
804,2011,90,N Illinois,-7.8
805,2011,91,Rice,-7.9
806,2011,92,Army,-7.9
807,2011,93,Central Mich,-8.4
808,2011,94,Toledo,-8.5
809,2011,95,Florida Intl,-8.7
810,2011,96,Marshall,-8.9
811,2011,97,UAB,-9.0
812,2011,98,Arkansas St,-9.2
813,2011,99,Temple,-9.2
814,2011,100,Bowling Grn,-9.3
815,2011,101,W Michigan,-9.6
816,2011,102,Tulane,-9.8
817,2011,103,Troy,-9.8
818,2011,104,E Michigan,-10.2
819,2011,105,Miami,-10.2
820,2011,106,Louisiana,-10.2
821,2011,107,Fla Atlantic,-10.3
822,2011,108,New Mexico,-10.4
823,2011,109,San Jose St,-10.8
824,2011,110,W Kentucky,-11.0
825,2011,111,Kent St,-11.4
826,2011,112,North Texas,-11.5
827,2011,113,UL Monroe,-11.7
828,2011,114,N Mex State,-12.2
829,2011,115,TX El Paso,-13.0
830,2011,116,Akron,-13.3
831,2011,117,Ohio,-13.3
832,2011,118,Middle Tenn,-14.3
833,2011,119,Buffalo,-15.3
834,2011,120,Ball St,-15.4
835,2012,1,LSU,13.7
836,2012,2,Oregon,11.1
837,2012,3,Alabama,10.8
838,2012,4,Oklahoma St,10.8
839,2012,5,Stanford,9.5
840,2012,6,Oklahoma,9.1
841,2012,7,USC,7.7
842,2012,8,Arkansas,7.1
843,2012,9,Texas A&M,6.9
844,2012,10,Texas,6.8
845,2012,11,Missouri,6.6
846,2012,12,Wisconsin,6.0
847,2012,13,Notre Dame,5.9
848,2012,14,Georgia,5.9
849,2012,15,Michigan St,5.7
850,2012,16,Kansas St,5.3
851,2012,17,Arizona St,5.2
852,2012,18,Baylor,5.1
853,2012,19,Florida,4.8
854,2012,20,California,4.7
855,2012,21,UCLA,4.7
856,2012,22,Arizona,4.4
857,2012,23,Oregon St,3.9
858,2012,24,S Carolina,3.6
859,2012,25,Ohio St,3.5
860,2012,26,Iowa St,3.3
861,2012,27,Auburn,3.0
862,2012,28,Miss State,3.0
863,2012,29,Vanderbilt,2.9
864,2012,30,Penn St,2.9
865,2012,31,Washington,2.8
866,2012,32,Nebraska,2.7
867,2012,33,Michigan,2.7
868,2012,34,Tennessee,2.6
869,2012,35,Florida St,2.5
870,2012,36,Boise St,2.5
871,2012,37,Utah,2.2
872,2012,38,Colorado,2.0
873,2012,39,Tulsa,1.9
874,2012,40,W Virginia,1.5
875,2012,41,Clemson,1.5
876,2012,42,Texas Tech,0.9
877,2012,43,TX Christian,0.8
878,2012,44,Mississippi,0.6
879,2012,45,Wash State,0.6
880,2012,46,Miami,0.6
881,2012,47,Iowa,0.4
882,2012,48,Pittsburgh,0.1
883,2012,49,S Florida,0.1
884,2012,50,Cincinnati,-0.1
885,2012,51,Wake Forest,-0.3
886,2012,52,VA Tech,-0.4
887,2012,53,Illinois,-0.4
888,2012,54,N Carolina,-0.6
889,2012,55,Kansas,-0.7
890,2012,56,Boston Col,-0.7
891,2012,57,Northwestern,-0.7
892,2012,58,Maryland,-0.9
893,2012,59,Syracuse,-1.4
894,2012,60,Louisville,-1.4
895,2012,61,Rutgers,-1.5
896,2012,62,GA Tech,-1.7
897,2012,63,LA Tech,-1.7
898,2012,64,S Methodist,-1.9
899,2012,65,Connecticut,-1.9
900,2012,66,BYU,-2.0
901,2012,67,Houston,-2.3
902,2012,68,Purdue,-2.6
903,2012,69,Toledo,-2.7
904,2012,70,Minnesota,-2.8
905,2012,71,Duke,-2.8
906,2012,72,NC State,-2.9
907,2012,73,Nevada,-2.9
908,2012,74,Navy,-3.1
909,2012,75,Kentucky,-3.1
910,2012,76,S Mississippi,-3.1
911,2012,77,Virginia,-3.2
912,2012,78,Marshall,-3.8
913,2012,79,Rice,-4.6
914,2012,80,Air Force,-4.9
915,2012,81,Army,-4.9
916,2012,82,W Michigan,-5.1
917,2012,83,UCF,-5.1
918,2012,84,San Diego St,-5.4
919,2012,85,San Jose St,-5.4
920,2012,86,E Carolina,-5.5
921,2012,87,Fresno St,-5.7
922,2012,88,Indiana,-5.7
923,2012,89,Miami,-6.1
924,2012,90,Ball St,-6.2
925,2012,91,N Illinois,-6.9
926,2012,92,TX El Paso,-7.4
927,2012,93,Utah St,-7.4
928,2012,94,Bowling Grn,-7.4
929,2012,95,Wyoming,-8.1
930,2012,96,Temple,-8.4
931,2012,97,UL Monroe,-8.5
932,2012,98,Arkansas St,-8.9
933,2012,99,North Texas,-9.0
934,2012,100,Idaho,-9.0
935,2012,101,N Mex State,-9.3
936,2012,102,Louisiana,-9.5
937,2012,103,Central Mich,-9.6
938,2012,104,Hawaii,-9.8
939,2012,105,UAB,-9.8
940,2012,106,Ohio,-9.8
941,2012,107,Buffalo,-10.1
942,2012,108,Kent St,-10.2
943,2012,109,Troy,-10.5
944,2012,110,Florida Intl,-10.6
945,2012,111,W Kentucky,-10.7
946,2012,112,UNLV,-10.7
947,2012,113,Colorado St,-11.4
948,2012,114,Fla Atlantic,-11.7
949,2012,115,Middle Tenn,-11.9
950,2012,116,E Michigan,-12.5
951,2012,117,Tulane,-12.8
952,2012,118,Akron,-14.8
953,2012,119,Memphis,-15.2
954,2012,120,New Mexico,-15.7
955,2013,1,Alabama,10.1
956,2013,2,Oklahoma,10.0
957,2013,3,Texas A&M,9.9
958,2013,4,Kansas St,9.9
959,2013,5,Florida,8.2
960,2013,6,Oregon,8.2
961,2013,7,Notre Dame,8.0
962,2013,8,Texas,7.7
963,2013,9,Oklahoma St,7.5
964,2013,10,Missouri,7.4
965,2013,11,LSU,7.3
966,2013,12,Baylor,7.1
967,2013,13,Oregon St,6.9
968,2013,14,TX Christian,6.7
969,2013,15,Georgia,6.5
970,2013,16,Stanford,6.4
971,2013,17,USC,6.3
972,2013,18,S Carolina,6.2
973,2013,19,Iowa St,5.6
974,2013,20,Michigan,5.5
975,2013,21,Nebraska,4.9
976,2013,22,W Virginia,4.4
977,2013,23,Texas Tech,4.3
978,2013,24,Mississippi,4.1
979,2013,25,Arizona,3.7
980,2013,26,Wisconsin,3.6
981,2013,27,UCLA,3.5
982,2013,28,Arizona St,3.0
983,2013,29,Michigan St,3.0
984,2013,30,Arkansas,2.9
985,2013,31,Vanderbilt,2.6
986,2013,32,Tennessee,2.5
987,2013,33,California,2.3
988,2013,34,Washington,2.1
989,2013,35,GA Tech,2.1
990,2013,36,BYU,1.8
991,2013,37,Auburn,1.7
992,2013,38,Kansas,1.7
993,2013,39,Utah,1.6
994,2013,40,Florida St,1.6
995,2013,41,Ohio St,1.4
996,2013,42,Clemson,1.4
997,2013,43,Miss State,1.2
998,2013,44,Miami,0.9
999,2013,45,VA Tech,0.8
1000,2013,46,Syracuse,0.8
1001,2013,47,Northwestern,0.7
1002,2013,48,Kentucky,-0.2
1003,2013,49,Penn St,-1.1
1004,2013,50,Iowa,-1.2
1005,2013,51,Pittsburgh,-1.3
1006,2013,52,S Florida,-1.3
1007,2013,53,Purdue,-2.1
1008,2013,54,Utah St,-2.4
1009,2013,55,Louisville,-2.5
1010,2013,56,NC State,-2.5
1011,2013,57,Boston Col,-2.7
1012,2013,58,Minnesota,-2.9
1013,2013,59,Duke,-2.9
1014,2013,60,Tulsa,-2.9
1015,2013,61,S Methodist,-2.9
1016,2013,62,Virginia,-3.1
1017,2013,63,Rutgers,-3.2
1018,2013,64,Fresno St,-3.5
1019,2013,65,Wash State,-3.5
1020,2013,66,UCF,-3.6
1021,2013,67,Maryland,-3.7
1022,2013,68,Cincinnati,-4.0
1023,2013,69,Arkansas St,-4.5
1024,2013,70,N Carolina,-4.5
1025,2013,71,Indiana,-4.5
1026,2013,72,Temple,-4.5
1027,2013,73,Connecticut,-4.6
1028,2013,74,Illinois,-4.7
1029,2013,75,Boise St,-4.7
1030,2013,76,San Jose St,-4.8
1031,2013,77,LA Tech,-5.4
1032,2013,78,Wake Forest,-5.6
1033,2013,79,Ball St,-5.6
1034,2013,80,San Diego St,-6.0
1035,2013,81,UL Monroe,-6.3
1036,2013,82,TX El Paso,-6.3
1037,2013,83,Louisiana,-6.3
1038,2013,84,Navy,-6.9
1039,2013,85,N Illinois,-7.1
1040,2013,86,Toledo,-7.1
1041,2013,87,North Texas,-7.2
1042,2013,88,Florida Intl,-7.4
1043,2013,89,S Mississippi,-7.6
1044,2013,90,Troy,-7.7
1045,2013,91,Kent St,-7.9
1046,2013,92,Nevada,-8.0
1047,2013,93,Tulane,-8.2
1048,2013,94,W Kentucky,-8.2
1049,2013,95,Rice,-8.3
1050,2013,96,Marshall,-8.4
1051,2013,97,Colorado,-8.5
1052,2013,98,Houston,-8.5
1053,2013,99,Middle Tenn,-8.7
1054,2013,100,Fla Atlantic,-8.7
1055,2013,101,E Michigan,-9.0
1056,2013,102,Bowling Grn,-9.3
1057,2013,103,Army,-9.6
1058,2013,104,E Carolina,-9.7
1059,2013,105,Buffalo,-10.0
1060,2013,106,W Michigan,-10.5
1061,2013,107,Wyoming,-10.6
1062,2013,108,Miami,-10.7
1063,2013,109,Texas St,-10.9
1064,2013,110,U Mass,-11.0
1065,2013,111,Ohio,-11.3
1066,2013,112,Air Force,-11.3
1067,2013,113,UAB,-11.3
1068,2013,114,Memphis,-11.4
1069,2013,115,Central Mich,-11.8
1070,2013,116,S Alabama,-12.0
1071,2013,117,Akron,-12.0
1072,2013,118,Colorado St,-12.0
1073,2013,119,UNLV,-12.1
1074,2013,120,New Mexico,-12.2
1075,2013,121,Hawaii,-12.6
1076,2013,122,Idaho,-13.6
1077,2013,123,N Mex State,-14.9
1078,2013,124,UTSA,-16.7
1079,2014,1,Stanford,11.9
1080,2014,2,Arizona St,10.9
1081,2014,3,Auburn,10.9
1082,2014,4,UCLA,10.8
1083,2014,5,Washington,10.1
1084,2014,6,Oregon,10.1
1085,2014,7,Alabama,9.5
1086,2014,8,Utah,9.4
1087,2014,9,Oklahoma,9.0
1088,2014,10,Georgia,8.9
1089,2014,11,LSU,8.5
1090,2014,12,Missouri,8.4
1091,2014,13,Florida St,8.4
1092,2014,14,Texas,8.4
1093,2014,15,Oklahoma St,8.3
1094,2014,16,Mississippi,8.3
1095,2014,17,S Carolina,8.2
1096,2014,18,Baylor,7.9
1097,2014,19,Texas A&M,7.8
1098,2014,20,Miss State,7.2
1099,2014,21,Clemson,7.1
1100,2014,22,Wisconsin,6.8
1101,2014,23,USC,6.7
1102,2014,24,Oregon St,6.4
1103,2014,25,Florida,6.2
1104,2014,26,Wash State,6.1
1105,2014,27,Arizona,6.1
1106,2014,28,BYU,6.0
1107,2014,29,TX Christian,5.5
1108,2014,30,Notre Dame,5.5
1109,2014,31,Kansas St,4.9
1110,2014,32,Texas Tech,4.8
1111,2014,33,Tennessee,4.7
1112,2014,34,Ohio St,4.4
1113,2014,35,GA Tech,4.4
1114,2014,36,Michigan St,4.4
1115,2014,37,VA Tech,3.8
1116,2014,38,Iowa,3.3
1117,2014,39,Michigan,3.1
1118,2014,40,Arkansas,2.6
1119,2014,41,Vanderbilt,2.4
1120,2014,42,Miami,2.2
1121,2014,43,Pittsburgh,2.1
1122,2014,44,Indiana,1.6
1123,2014,45,Iowa St,1.4
1124,2014,46,N Carolina,1.4
1125,2014,47,Virginia,1.0
1126,2014,48,Duke,0.9
1127,2014,49,Boise St,0.8
1128,2014,50,UCF,0.8
1129,2014,51,California,0.8
1130,2014,52,Northwestern,0.6
1131,2014,53,Nebraska,0.4
1132,2014,54,Kentucky,0.2
1133,2014,55,Utah St,0.1
1134,2014,56,W Virginia,0.1
1135,2014,57,Penn St,-0.2
1136,2014,58,Minnesota,-0.6
1137,2014,59,Boston Col,-0.7
1138,2014,60,Houston,-0.8
1139,2014,61,Syracuse,-0.9
1140,2014,62,Colorado,-1.3
1141,2014,63,Illinois,-1.4
1142,2014,64,Kansas,-2.7
1143,2014,65,Wake Forest,-2.9
1144,2014,66,Purdue,-2.9
1145,2014,67,Louisville,-3.2
1146,2014,68,Maryland,-3.4
1147,2014,69,Nevada,-3.7
1148,2014,70,Navy,-3.9
1149,2014,71,San Jose St,-3.9
1150,2014,72,Hawaii,-3.9
1151,2014,73,S Methodist,-4.0
1152,2014,74,NC State,-4.6
1153,2014,75,S Florida,-4.7
1154,2014,76,Toledo,-4.8
1155,2014,77,Fresno St,-5.0
1156,2014,78,Rutgers,-5.3
1157,2014,79,Tulsa,-5.4
1158,2014,80,Connecticut,-5.8
1159,2014,81,UTSA,-6.0
1160,2014,82,Memphis,-6.0
1161,2014,83,Cincinnati,-6.0
1162,2014,84,Temple,-6.1
1163,2014,85,Colorado St,-6.3
1164,2014,86,San Diego St,-6.3
1165,2014,87,Bowling Grn,-6.3
1166,2014,88,Rice,-6.4
1167,2014,89,E Carolina,-6.4
1168,2014,90,N Illinois,-6.7
1169,2014,91,Marshall,-7.0
1170,2014,92,UNLV,-7.4
1171,2014,93,Fla Atlantic,-7.8
1172,2014,94,Middle Tenn,-8.0
1173,2014,95,Arkansas St,-8.0
1174,2014,96,North Texas,-8.4
1175,2014,97,Tulane,-8.4
1176,2014,98,Kent St,-8.6
1177,2014,99,UL Monroe,-8.7
1178,2014,100,Buffalo,-8.9
1179,2014,101,Troy,-9.1
1180,2014,102,W Kentucky,-9.2
1181,2014,103,S Alabama,-9.4
1182,2014,104,Louisiana,-9.5
1183,2014,105,Air Force,-10.0
1184,2014,106,New Mexico,-10.0
1185,2014,107,Wyoming,-10.4
1186,2014,108,Ball St,-10.8
1187,2014,109,Army,-10.9
1188,2014,110,Akron,-11.1
1189,2014,111,Ohio,-11.7
1190,2014,112,Miami,-12.2
1191,2014,113,Idaho,-13.4
1192,2014,114,S Mississippi,-13.4
1193,2014,115,UAB,-14.1
1194,2014,116,Georgia St,-14.4
1195,2014,117,Central Mich,-14.5
1196,2014,118,Texas St,-14.5
1197,2014,119,TX El Paso,-14.5
1198,2014,120,W Michigan,-14.7
1199,2014,121,LA Tech,-15.3
1200,2014,122,U Mass,-15.6
1201,2014,123,E Michigan,-15.6
1202,2014,124,Florida Intl,-16.1
1203,2014,125,N Mex State,-17.1
1204,2015,1,Auburn,14.0
1205,2015,2,Alabama,13.7
1206,2015,3,Mississippi,12.3
1207,2015,4,Arkansas,11.8
1208,2015,5,Oregon,11.4
1209,2015,6,Ohio St,11.1
1210,2015,7,LSU,11.0
1211,2015,8,UCLA,10.2
1212,2015,9,TX Christian,10.1
1213,2015,10,Miss State,9.7
1214,2015,11,Baylor,9.6
1215,2015,12,Texas A&M,9.5
1216,2015,13,Kansas St,9.5
1217,2015,14,Georgia,9.2
1218,2015,15,Stanford,8.8
1219,2015,16,Michigan St,8.8
1220,2015,17,USC,8.3
1221,2015,18,W Virginia,8.2
1222,2015,19,Oklahoma,8.2
1223,2015,20,Arizona,7.9
1224,2015,21,Florida,7.6
1225,2015,22,Utah,7.5
1226,2015,23,Missouri,7.3
1227,2015,24,Tennessee,7.0
1228,2015,25,Texas,6.9
1229,2015,26,GA Tech,6.6
1230,2015,27,Florida St,6.6
1231,2015,28,Arizona St,6.5
1232,2015,29,Clemson,6.5
1233,2015,30,S Carolina,6.1
1234,2015,31,California,5.2
1235,2015,32,Notre Dame,5.2
1236,2015,33,Wash State,4.9
1237,2015,34,Wisconsin,4.8
1238,2015,35,Miami,4.5
1239,2015,36,Louisville,4.1
1240,2015,37,Oklahoma St,3.8
1241,2015,38,Virginia,3.6
1242,2015,39,Washington,3.5
1243,2015,40,Maryland,3.3
1244,2015,41,Nebraska,3.3
1245,2015,42,Minnesota,3.0
1246,2015,43,Colorado,2.8
1247,2015,44,Kentucky,2.8
1248,2015,45,N Carolina,2.5
1249,2015,46,Oregon St,2.5
1250,2015,47,Michigan,2.3
1251,2015,48,Texas Tech,2.2
1252,2015,49,VA Tech,2.1
1253,2015,50,Boston Col,1.4
1254,2015,51,Rutgers,1.3
1255,2015,52,Iowa St,1.0
1256,2015,53,Penn St,0.4
1257,2015,54,Northwestern,0.4
1258,2015,55,Syracuse,0.2
1259,2015,56,Pittsburgh,-0.2
1260,2015,57,NC State,-0.4
1261,2015,58,BYU,-0.6
1262,2015,59,Iowa,-0.7
1263,2015,60,Duke,-0.8
1264,2015,61,Kansas,-1.0
1265,2015,62,Illinois,-1.0
1266,2015,63,Memphis,-1.1
1267,2015,64,Boise St,-1.5
1268,2015,65,Indiana,-1.5
1269,2015,66,Cincinnati,-2.1
1270,2015,67,LA Tech,-2.2
1271,2015,68,Purdue,-2.4
1272,2015,69,Vanderbilt,-2.8
1273,2015,70,E Carolina,-3.1
1274,2015,71,Wake Forest,-3.7
1275,2015,72,UCF,-3.8
1276,2015,73,Temple,-4.2
1277,2015,74,Navy,-4.5
1278,2015,75,Colorado St,-4.6
1279,2015,76,Nevada,-4.7
1280,2015,77,Tulane,-5.1
1281,2015,78,Utah St,-5.4
1282,2015,79,Houston,-5.6
1283,2015,80,Fresno St,-6.0
1284,2015,81,S Methodist,-6.0
1285,2015,82,UAB,-6.6
1286,2015,83,W Kentucky,-6.8
1287,2015,84,S Florida,-7.0
1288,2015,85,Rice,-7.1
1289,2015,86,Tulsa,-7.3
1290,2015,87,Middle Tenn,-7.3
1291,2015,88,San Diego St,-7.5
1292,2015,89,Hawaii,-7.7
1293,2015,90,San Jose St,-7.7
1294,2015,91,Wyoming,-7.8
1295,2015,92,Fla Atlantic,-8.0
1296,2015,93,UTSA,-8.1
1297,2015,94,Air Force,-8.3
1298,2015,95,S Mississippi,-8.5
1299,2015,96,N Illinois,-8.5
1300,2015,97,Toledo,-8.5
1301,2015,98,Marshall,-8.6
1302,2015,99,New Mexico,-8.6
1303,2015,100,GA Southern,-8.7
1304,2015,101,Louisiana,-8.8
1305,2015,102,TX El Paso,-8.9
1306,2015,103,UNLV,-9.0
1307,2015,104,UL Monroe,-9.1
1308,2015,105,Arkansas St,-9.3
1309,2015,106,S Alabama,-9.3
1310,2015,107,Old Dominion,-9.5
1311,2015,108,Connecticut,-9.6
1312,2015,109,W Michigan,-10.3
1313,2015,110,Bowling Grn,-10.6
1314,2015,111,Florida Intl,-10.7
1315,2015,112,Central Mich,-11.3
1316,2015,113,North Texas,-11.5
1317,2015,114,Miami,-11.7
1318,2015,115,Kent St,-12.0
1319,2015,116,U Mass,-12.2
1320,2015,117,Ohio,-12.4
1321,2015,118,Texas St,-12.7
1322,2015,119,Ball St,-12.8
1323,2015,120,Army,-12.8
1324,2015,121,Idaho,-12.9
1325,2015,122,Akron,-13.0
1326,2015,123,App State,-13.1
1327,2015,124,E Michigan,-14.1
1328,2015,125,Georgia St,-14.7
1329,2015,126,Troy,-14.9
1330,2015,127,Buffalo,-16.3
1331,2015,128,N Mex State,-16.6
1332,2016,1,Alabama,12.6
1333,2016,2,Oklahoma,11.1
1334,2016,3,Mississippi,10.5
1335,2016,4,Clemson,10.3
1336,2016,5,LSU,10.1
1337,2016,6,USC,9.9
1338,2016,7,Arkansas,9.9
1339,2016,8,Notre Dame,9.3
1340,2016,9,Miss State,8.6
1341,2016,10,Stanford,8.0
1342,2016,11,California,7.9
1343,2016,12,Tennessee,7.9
1344,2016,13,Baylor,7.9
1345,2016,14,TX Christian,7.8
1346,2016,15,Auburn,7.7
1347,2016,16,Oregon,7.6
1348,2016,17,Florida,7.5
1349,2016,18,Texas A&M,7.1
1350,2016,19,Washington,7.0
1351,2016,20,Michigan St,7.0
1352,2016,21,Oklahoma St,6.8
1353,2016,22,Utah,6.7
1354,2016,23,GA Tech,6.4
1355,2016,24,Arizona St,6.4
1356,2016,25,Texas,6.3
1357,2016,26,Ohio St,6.1
1358,2016,27,W Virginia,6.0
1359,2016,28,UCLA,6.0
1360,2016,29,N Carolina,5.8
1361,2016,30,Michigan,5.6
1362,2016,31,Texas Tech,5.6
1363,2016,32,Florida St,5.4
1364,2016,33,Georgia,5.2
1365,2016,34,Pittsburgh,4.9
1366,2016,35,Louisville,4.8
1367,2016,36,Virginia,4.6
1368,2016,37,Miami,4.5
1369,2016,38,Vanderbilt,4.5
1370,2016,39,Iowa St,4.0
1371,2016,40,Missouri,3.8
1372,2016,41,S Carolina,3.8
1373,2016,42,Wash State,3.8
1374,2016,43,Kansas St,3.6
1375,2016,44,VA Tech,3.5
1376,2016,45,BYU,3.3
1377,2016,46,Maryland,3.2
1378,2016,47,NC State,3.0
1379,2016,48,Northwestern,3.0
1380,2016,49,Wisconsin,2.9
1381,2016,50,Nebraska,2.8
1382,2016,51,Iowa,2.7
1383,2016,52,Syracuse,2.6
1384,2016,53,Memphis,2.4
1385,2016,54,Penn St,2.4
1386,2016,55,Minnesota,2.3
1387,2016,56,Arizona,2.2
1388,2016,57,Boston Col,1.8
1389,2016,58,Illinois,1.6
1390,2016,59,Wake Forest,1.5
1391,2016,60,Indiana,0.9
1392,2016,61,Oregon St,0.8
1393,2016,62,Navy,0.7
1394,2016,63,Purdue,0.4
1395,2016,64,Kentucky,0.0
1396,2016,65,Colorado,-0.1
1397,2016,66,Duke,-0.2
1398,2016,67,S Florida,-0.2
1399,2016,68,Temple,-0.7
1400,2016,69,W Michigan,-0.9
1401,2016,70,Houston,-0.9
1402,2016,71,Boise St,-1.1
1403,2016,72,Cincinnati,-1.3
1404,2016,73,Bowling Grn,-1.5
1405,2016,74,Utah St,-1.6
1406,2016,75,Toledo,-1.7
1407,2016,76,Air Force,-2.0
1408,2016,77,Rutgers,-2.1
1409,2016,78,E Carolina,-2.1
1410,2016,79,W Kentucky,-2.1
1411,2016,80,N Illinois,-3.7
1412,2016,81,S Mississippi,-3.8
1413,2016,82,Connecticut,-3.9
1414,2016,83,GA Southern,-4.2
1415,2016,84,Central Mich,-4.2
1416,2016,85,Kansas,-4.5
1417,2016,86,Middle Tenn,-4.6
1418,2016,87,Tulsa,-4.7
1419,2016,88,San Diego St,-4.9
1420,2016,89,LA Tech,-5.4
1421,2016,90,San Jose St,-6.3
1422,2016,91,Colorado St,-7.1
1423,2016,92,Ohio,-7.3
1424,2016,93,Arkansas St,-7.3
1425,2016,94,New Mexico,-7.8
1426,2016,95,UNLV,-7.9
1427,2016,96,Fresno St,-8.1
1428,2016,97,App State,-8.2
1429,2016,98,Ball St,-8.4
1430,2016,99,Marshall,-8.4
1431,2016,100,S Methodist,-8.6
1432,2016,101,Nevada,-8.8
1433,2016,102,Akron,-8.9
1434,2016,103,UCF,-9.3
1435,2016,104,Troy,-9.3
1436,2016,105,Kent St,-9.7
1437,2016,106,Wyoming,-9.8
1438,2016,107,Buffalo,-9.8
1439,2016,108,U Mass,-10.1
1440,2016,109,Tulane,-10.3
1441,2016,110,Fla Atlantic,-10.3
1442,2016,111,Hawaii,-10.5
1443,2016,112,S Alabama,-10.6
1444,2016,113,North Texas,-11.4
1445,2016,114,Army,-11.9
1446,2016,115,Georgia St,-12.2
1447,2016,116,UTSA,-12.2
1448,2016,117,Idaho,-12.4
1449,2016,118,Miami,-12.5
1450,2016,119,Florida Intl,-12.5
1451,2016,120,UL Monroe,-13.0
1452,2016,121,N Mex State,-13.1
1453,2016,122,Louisiana,-13.2
1454,2016,123,E Michigan,-13.2
1455,2016,124,Rice,-13.7
1456,2016,125,Texas St,-14.9
1457,2016,126,Charlotte,-15.2
1458,2016,127,Old Dominion,-15.3
1459,2016,128,TX El Paso,-15.6
1460,2017,1,Alabama,14.2
1461,2017,2,Ohio St,13.9
1462,2017,3,Clemson,13.7
1463,2017,4,LSU,10.7
1464,2017,5,Michigan,10.7
1465,2017,6,Florida St,10.7
1466,2017,7,Auburn,9.6
1467,2017,8,USC,9.3
1468,2017,9,Wisconsin,9.2
1469,2017,10,Washington,9.0
1470,2017,11,Oklahoma,8.6
1471,2017,12,Penn St,7.8
1472,2017,13,Colorado,7.3
1473,2017,14,Louisville,7.1
1474,2017,15,Mississippi,6.9
1475,2017,16,Florida,6.8
1476,2017,17,Stanford,6.7
1477,2017,18,Miami,6.5
1478,2017,19,Texas A&M,6.1
1479,2017,20,VA Tech,5.9
1480,2017,21,Pittsburgh,5.8
1481,2017,22,Arkansas,5.7
1482,2017,23,Kansas St,5.7
1483,2017,24,Tennessee,5.0
1484,2017,25,Oklahoma St,5.0
1485,2017,26,W Virginia,5.0
1486,2017,27,UCLA,4.5
1487,2017,28,Notre Dame,4.5
1488,2017,29,N Carolina,4.3
1489,2017,30,Oregon,4.2
1490,2017,31,NC State,4.2
1491,2017,32,Wash State,4.1
1492,2017,33,California,4.1
1493,2017,34,Michigan St,4.1
1494,2017,35,Duke,3.7
1495,2017,36,Texas,3.6
1496,2017,37,Northwestern,3.6
1497,2017,38,GA Tech,3.5
1498,2017,39,Vanderbilt,3.5
1499,2017,40,Georgia,3.0
1500,2017,41,Texas Tech,2.9
1501,2017,42,Utah,2.8
1502,2017,43,TX Christian,2.8
1503,2017,44,Iowa,2.7
1504,2017,45,Oregon St,2.6
1505,2017,46,Baylor,2.5
1506,2017,47,Nebraska,2.3
1507,2017,48,Syracuse,2.2
1508,2017,49,Iowa St,1.7
1509,2017,50,Miss State,1.6
1510,2017,51,Houston,1.5
1511,2017,52,Arizona St,1.4
1512,2017,53,Minnesota,1.1
1513,2017,54,Arizona,0.7
1514,2017,55,Kentucky,0.6
1515,2017,56,Missouri,0.6
1516,2017,57,Wake Forest,0.5
1517,2017,58,Virginia,0.4
1518,2017,59,S Carolina,0.1
1519,2017,60,Memphis,0.1
1520,2017,61,Indiana,-0.1
1521,2017,62,Navy,-0.2
1522,2017,63,BYU,-0.5
1523,2017,64,Tulsa,-1.2
1524,2017,65,S Florida,-1.2
1525,2017,66,Temple,-1.4
1526,2017,67,W Kentucky,-1.5
1527,2017,68,Maryland,-1.5
1528,2017,69,S Methodist,-1.7
1529,2017,70,Illinois,-1.7
1530,2017,71,Boston Col,-1.9
1531,2017,72,Boise St,-2.2
1532,2017,73,Kansas,-2.4
1533,2017,74,UCF,-3.0
1534,2017,75,W Michigan,-3.2
1535,2017,76,E Carolina,-3.3
1536,2017,77,Wyoming,-3.7
1537,2017,78,Rutgers,-3.8
1538,2017,79,Purdue,-4.2
1539,2017,80,Cincinnati,-4.2
1540,2017,81,LA Tech,-4.3
1541,2017,82,Utah St,-4.4
1542,2017,83,Colorado St,-4.5
1543,2017,84,App State,-4.6
1544,2017,85,Toledo,-5.0
1545,2017,86,Tulane,-5.5
1546,2017,87,San Diego St,-6.0
1547,2017,88,N Illinois,-6.2
1548,2017,89,GA Southern,-6.6
1549,2017,90,Connecticut,-6.9
1550,2017,91,Central Mich,-7.0
1551,2017,92,Air Force,-7.3
1552,2017,93,Army,-7.5
1553,2017,94,Troy,-8.1
1554,2017,95,San Jose St,-8.5
1555,2017,96,Arkansas St,-8.7
1556,2017,97,E Michigan,-8.9
1557,2017,98,U Mass,-9.4
1558,2017,99,Fresno St,-9.5
1559,2017,100,Ohio,-9.7
1560,2017,101,Hawaii,-9.8
1561,2017,102,UTSA,-9.8
1562,2017,103,S Mississippi,-9.9
1563,2017,104,Miami,-10.1
1564,2017,105,Middle Tenn,-10.2
1565,2017,106,Akron,-10.2
1566,2017,107,UNLV,-10.2
1567,2017,108,New Mexico,-10.4
1568,2017,109,North Texas,-10.5
1569,2017,110,Idaho,-10.7
1570,2017,111,Ball St,-10.7
1571,2017,112,N Mex State,-10.8
1572,2017,113,Old Dominion,-11.0
1573,2017,114,Louisiana,-11.1
1574,2017,115,Bowling Grn,-11.2
1575,2017,116,Kent St,-11.2
1576,2017,117,Nevada,-11.3
1577,2017,118,Florida Intl,-11.5
1578,2017,119,S Alabama,-11.5
1579,2017,120,Georgia St,-11.5
1580,2017,121,Marshall,-12.0
1581,2017,122,Buffalo,-12.9
1582,2017,123,Rice,-13.4
1583,2017,124,UL Monroe,-13.9
1584,2017,125,Charlotte,-14.2
1585,2017,126,Fla Atlantic,-14.3
1586,2017,127,TX El Paso,-15.6
1587,2017,128,Texas St,-16.0
1588,2018,1,Auburn,13.0
1589,2018,2,Oklahoma,12.7
1590,2018,3,Ohio St,12.3
1591,2018,4,Clemson,12.0
1592,2018,5,Penn St,11.8
1593,2018,6,Alabama,11.7
1594,2018,7,Georgia,11.5
1595,2018,8,TX Christian,10.1
1596,2018,9,Notre Dame,9.8
1597,2018,10,Iowa,9.3
1598,2018,11,Florida St,8.3
1599,2018,12,Oklahoma St,8.2
1600,2018,13,Stanford,8.1
1601,2018,14,Wisconsin,7.9
1602,2018,15,USC,7.8
1603,2018,16,Wake Forest,7.8
1604,2018,17,Texas,7.5
1605,2018,18,Michigan St,7.5
1606,2018,19,Miami,7.5
1607,2018,20,Iowa St,7.5
1608,2018,21,Michigan,7.3
1609,2018,22,Miss State,7.2
1610,2018,23,NC State,7.2
1611,2018,24,Boston Col,7.0
1612,2018,25,Louisville,6.6
1613,2018,26,Washington,6.3
1614,2018,27,LSU,6.2
1615,2018,28,GA Tech,5.7
1616,2018,29,VA Tech,5.7
1617,2018,30,W Virginia,5.4
1618,2018,31,UCLA,5.3
1619,2018,32,Texas Tech,5.3
1620,2018,33,Purdue,5.1
1621,2018,34,Maryland,5.0
1622,2018,35,Northwestern,4.9
1623,2018,36,Kansas St,4.5
1624,2018,37,Wash State,4.5
1625,2018,38,Arizona St,4.3
1626,2018,39,Syracuse,4.1
1627,2018,40,Nebraska,3.9
1628,2018,41,Texas A&M,3.8
1629,2018,42,Utah,3.8
1630,2018,43,Indiana,3.7
1631,2018,44,Duke,3.6
1632,2018,45,Florida,3.4
1633,2018,46,Pittsburgh,3.4
1634,2018,47,Oregon,3.3
1635,2018,48,S Carolina,3.2
1636,2018,49,California,2.5
1637,2018,50,Baylor,2.0
1638,2018,51,Virginia,2.0
1639,2018,52,N Carolina,2.0
1640,2018,53,Arkansas,1.9
1641,2018,54,UCF,1.8
1642,2018,55,Missouri,1.3
1643,2018,56,Navy,1.3
1644,2018,57,Minnesota,1.3
1645,2018,58,Arizona,1.3
1646,2018,59,Kentucky,1.0
1647,2018,60,Memphis,0.3
1648,2018,61,Colorado,0.2
1649,2018,62,Mississippi,0.1
1650,2018,63,Rutgers,0.1
1651,2018,64,Vanderbilt,-0.3
1652,2018,65,Tennessee,-0.3
1653,2018,66,Oregon St,-0.7
1654,2018,67,Boise St,-0.8
1655,2018,68,Houston,-1.1
1656,2018,69,Fresno St,-1.7
1657,2018,70,Illinois,-2.6
1658,2018,71,Tulsa,-3.5
1659,2018,72,Air Force,-3.8
1660,2018,73,Army,-3.8
1661,2018,74,S Methodist,-3.8
1662,2018,75,San Diego St,-4.0
1663,2018,76,Tulane,-4.2
1664,2018,77,Kansas,-4.4
1665,2018,78,Temple,-4.6
1666,2018,79,N Illinois,-4.9
1667,2018,80,S Florida,-5.2
1668,2018,81,BYU,-5.7
1669,2018,82,Toledo,-5.9
1670,2018,83,E Michigan,-5.9
1671,2018,84,Wyoming,-6.1
1672,2018,85,W Michigan,-6.2
1673,2018,86,Colorado St,-6.3
1674,2018,87,Fla Atlantic,-6.4
1675,2018,88,Nevada,-6.4
1676,2018,89,Utah St,-6.5
1677,2018,90,Akron,-6.8
1678,2018,91,Connecticut,-6.8
1679,2018,92,New Mexico,-6.9
1680,2018,93,Cincinnati,-7.1
1681,2018,94,Central Mich,-7.3
1682,2018,95,App State,-7.5
1683,2018,96,E Carolina,-7.6
1684,2018,97,Bowling Grn,-7.7
1685,2018,98,North Texas,-8.0
1686,2018,99,Ohio,-8.3
1687,2018,100,Troy,-8.3
1688,2018,101,Buffalo,-8.4
1689,2018,102,Marshall,-8.7
1690,2018,103,LA Tech,-9.2
1691,2018,104,UNLV,-9.7
1692,2018,105,UL Monroe,-9.8
1693,2018,106,Kent St,-9.8
1694,2018,107,Middle Tenn,-9.9
1695,2018,108,U Mass,-10.2
1696,2018,109,S Mississippi,-10.2
1697,2018,110,Hawaii,-10.4
1698,2018,111,San Jose St,-10.6
1699,2018,112,Rice,-10.7
1700,2018,113,GA Southern,-10.7
1701,2018,114,N Mex State,-10.8
1702,2018,115,TX El Paso,-10.9
1703,2018,116,Arkansas St,-11.0
1704,2018,117,Miami,-11.1
1705,2018,118,S Alabama,-11.8
1706,2018,119,Florida Intl,-11.8
1707,2018,120,Idaho,-12.5
1708,2018,121,Coastal Car,-12.7
1709,2018,122,Old Dominion,-13.0
1710,2018,123,UTSA,-13.1
1711,2018,124,Ball St,-13.1
1712,2018,125,Charlotte,-13.1
1713,2018,126,W Kentucky,-13.4
1714,2018,127,Louisiana,-13.5
1715,2018,128,Georgia St,-14.0
1716,2018,129,Texas St,-14.2
1717,2018,130,UAB,-14.6
1718,2019,1,Alabama,15.8
1719,2019,2,Clemson,13.5
1720,2019,3,Georgia,12.3
1721,2019,4,LSU,11.3
1722,2019,5,Texas A&M,11.2
1723,2019,6,Miss State,10.9
1724,2019,7,Auburn,10.3
1725,2019,8,Oklahoma,9.9
1726,2019,9,Michigan,9.4
1727,2019,10,Florida,8.8
1728,2019,11,Missouri,8.6
1729,2019,12,Texas,8.3
1730,2019,13,Notre Dame,8.0
1731,2019,14,Kentucky,7.9
1732,2019,15,Ohio St,7.6
1733,2019,16,Penn St,7.6
1734,2019,17,Pittsburgh,7.2
1735,2019,18,Washington,7.2
1736,2019,19,W Virginia,6.9
1737,2019,20,S Carolina,6.9
1738,2019,21,Purdue,6.7
1739,2019,22,Michigan St,6.7
1740,2019,23,Northwestern,6.6
1741,2019,24,Iowa St,6.1
1742,2019,25,Oklahoma St,6.0
1743,2019,26,UCLA,6.0
1744,2019,27,Iowa,6.0
1745,2019,28,Wisconsin,5.6
1746,2019,29,TX Christian,5.4
1747,2019,30,Texas Tech,5.3
1748,2019,31,Stanford,5.2
1749,2019,32,Utah,5.1
1750,2019,33,Syracuse,4.8
1751,2019,34,Kansas St,4.5
1752,2019,35,Maryland,4.5
1753,2019,36,Tennessee,4.3
1754,2019,37,Indiana,4.2
1755,2019,38,Duke,4.2
1756,2019,39,Mississippi,4.0
1757,2019,40,Minnesota,4.0
1758,2019,41,Nebraska,3.9
1759,2019,42,Vanderbilt,3.9
1760,2019,43,Miami,3.8
1761,2019,44,Boston Col,3.5
1762,2019,45,USC,3.5
1763,2019,46,Arizona St,3.4
1764,2019,47,Baylor,3.0
1765,2019,48,Florida St,2.9
1766,2019,49,GA Tech,2.8
1767,2019,50,Wash State,2.2
1768,2019,51,Oregon,2.0
1769,2019,52,Wake Forest,1.9
1770,2019,53,Virginia,1.7
1771,2019,54,NC State,1.6
1772,2019,55,Boise St,1.6
1773,2019,56,VA Tech,1.6
1774,2019,57,California,0.9
1775,2019,58,Kansas,0.8
1776,2019,59,N Carolina,0.7
1777,2019,60,Fresno St,0.5
1778,2019,61,BYU,0.2
1779,2019,62,Arizona,-0.1
1780,2019,63,Arkansas,-0.4
1781,2019,64,Colorado,-0.4
1782,2019,65,UCF,-0.7
1783,2019,66,Rutgers,-1.5
1784,2019,67,Utah St,-1.5
1785,2019,68,Oregon St,-1.8
1786,2019,69,Temple,-1.9
1787,2019,70,Navy,-2.2
1788,2019,71,N Illinois,-2.2
1789,2019,72,Cincinnati,-2.3
1790,2019,73,Army,-2.8
1791,2019,74,Memphis,-3.1
1792,2019,75,Louisville,-3.5
1793,2019,76,S Methodist,-3.9
1794,2019,77,Middle Tenn,-4.0
1795,2019,78,Illinois,-4.1
1796,2019,79,App State,-4.2
1797,2019,80,Air Force,-4.3
1798,2019,81,San Diego St,-4.5
1799,2019,82,Miami,-4.5
1800,2019,83,Tulane,-4.6
1801,2019,84,Wyoming,-4.9
1802,2019,85,Fla Atlantic,-5.0
1803,2019,86,Houston,-5.1
1804,2019,87,Ohio,-5.5
1805,2019,88,Nevada,-5.8
1806,2019,89,Buffalo,-5.9
1807,2019,90,Toledo,-6.1
1808,2019,91,Troy,-6.5
1809,2019,92,E Michigan,-6.6
1810,2019,93,W Michigan,-6.9
1811,2019,94,Marshall,-6.9
1812,2019,95,Tulsa,-7.2
1813,2019,96,S Florida,-7.7
1814,2019,97,UAB,-7.8
1815,2019,98,San Jose St,-8.1
1816,2019,99,Akron,-8.3
1817,2019,100,Arkansas St,-8.3
1818,2019,101,GA Southern,-8.4
1819,2019,102,Colorado St,-8.5
1820,2019,103,Louisiana,-8.7
1821,2019,104,New Mexico,-8.7
1822,2019,105,Charlotte,-8.8
1823,2019,106,Florida Intl,-9.4
1824,2019,107,Hawaii,-9.5
1825,2019,108,Coastal Car,-9.6
1826,2019,109,UNLV,-9.6
1827,2019,110,UL Monroe,-9.6
1828,2019,111,E Carolina,-9.6
1829,2019,112,Kent St,-9.7
1830,2019,113,North Texas,-9.7
1831,2019,114,Bowling Grn,-9.8
1832,2019,115,LA Tech,-9.9
1833,2019,116,Central Mich,-9.9
1834,2019,117,Ball St,-10.2
1835,2019,118,Georgia St,-10.8
1836,2019,119,S Mississippi,-10.9
1837,2019,120,U Mass,-11.0
1838,2019,121,W Kentucky,-11.4
1839,2019,122,S Alabama,-11.6
1840,2019,123,UTSA,-11.7
1841,2019,124,Old Dominion,-11.7
1842,2019,125,Connecticut,-12.6
1843,2019,126,Liberty,-12.6
1844,2019,127,N Mex State,-13.9
1845,2019,128,Texas St,-14.4
1846,2019,129,Rice,-14.6
1847,2019,130,TX El Paso,-15.2
1848,2020,1,Ohio St,19.0
1849,2020,2,LSU,18.2
1850,2020,3,Clemson,15.6
1851,2020,4,Michigan,15.1
1852,2020,5,Wisconsin,15.1
1853,2020,6,Auburn,14.6
1854,2020,7,Alabama,14.4
1855,2020,8,Georgia,12.7
1856,2020,9,Penn St,12.2
1857,2020,10,Florida,10.9
1858,2020,11,Texas A&M,10.4
1859,2020,12,Oregon,9.9
1860,2020,13,Iowa,9.2
1861,2020,14,Oklahoma,9.0
1862,2020,15,S Carolina,8.9
1863,2020,16,Notre Dame,8.6
1864,2020,17,Texas,8.3
1865,2020,18,USC,7.3
1866,2020,19,Baylor,6.7
1867,2020,20,Utah,6.5
1868,2020,21,Iowa St,6.5
1869,2020,22,Minnesota,6.3
1870,2020,23,Miss State,6.1
1871,2020,24,Michigan St,5.8
1872,2020,25,Oklahoma St,5.2
1873,2020,26,TX Christian,5.1
1874,2020,27,Nebraska,5.0
1875,2020,28,Washington,4.9
1876,2020,29,Indiana,4.9
1877,2020,30,Stanford,4.8
1878,2020,31,Mississippi,4.5
1879,2020,32,Kansas St,4.1
1880,2020,33,Tennessee,3.9
1881,2020,34,Wash State,3.8
1882,2020,35,UCLA,3.6
1883,2020,36,Colorado,3.6
1884,2020,37,Northwestern,3.5
1885,2020,38,California,3.3
1886,2020,39,Purdue,3.2
1887,2020,40,Virginia,3.1
1888,2020,41,Oregon St,3.1
1889,2020,42,Cincinnati,2.8
1890,2020,43,Arizona St,2.8
1891,2020,44,Memphis,2.6
1892,2020,45,Tulsa,2.5
1893,2020,46,N Carolina,2.4
1894,2020,47,Louisville,2.1
1895,2020,48,Maryland,2.1
1896,2020,49,Houston,1.9
1897,2020,50,Navy,1.9
1898,2020,51,Kentucky,1.9
1899,2020,52,Missouri,1.8
1900,2020,53,W Virginia,1.6
1901,2020,54,Arizona,1.4
1902,2020,55,Texas Tech,1.4
1903,2020,56,Florida St,1.3
1904,2020,57,Tulane,1.1
1905,2020,58,UCF,0.8
1906,2020,59,Duke,0.7
1907,2020,60,Illinois,0.7
1908,2020,61,S Methodist,-0.1
1909,2020,62,Miami,-0.2
1910,2020,63,Pittsburgh,-0.4
1911,2020,64,VA Tech,-0.4
1912,2020,65,Wake Forest,-1.0
1913,2020,66,Boston Col,-1.1
1914,2020,67,Arkansas,-1.6
1915,2020,68,Vanderbilt,-1.7
1916,2020,69,Air Force,-1.8
1917,2020,70,Kansas,-1.8
1918,2020,71,BYU,-1.9
1919,2020,72,Syracuse,-2.1
1920,2020,73,Boise St,-2.6
1921,2020,74,GA Tech,-2.9
1922,2020,75,Temple,-2.9
1923,2020,76,App State,-3.0
1924,2020,77,Fla Atlantic,-3.2
1925,2020,78,S Florida,-3.8
1926,2020,79,Louisiana,-3.8
1927,2020,80,Rutgers,-4.5
1928,2020,81,NC State,-4.6
1929,2020,82,Hawaii,-4.7
1930,2020,83,Utah St,-4.9
1931,2020,84,Marshall,-6.1
1932,2020,85,Wyoming,-6.4
1933,2020,86,Fresno St,-6.6
1934,2020,87,S Mississippi,-6.7
1935,2020,88,GA Southern,-6.7
1936,2020,89,Miami,-6.8
1937,2020,90,Army,-6.9
1938,2020,91,W Kentucky,-7.7
1939,2020,92,Ball St,-7.7
1940,2020,93,UL Monroe,-7.8
1941,2020,94,Middle Tenn,-8.0
1942,2020,95,San Jose St,-8.2
1943,2020,96,W Michigan,-8.3
1944,2020,97,Colorado St,-8.3
1945,2020,98,San Diego St,-8.4
1946,2020,99,Kent St,-8.8
1947,2020,100,Rice,-8.9
1948,2020,101,Arkansas St,-8.9
1949,2020,102,Ohio,-9.0
1950,2020,103,Georgia St,-9.0
1951,2020,104,UNLV,-9.2
1952,2020,105,N Illinois,-9.2
1953,2020,106,S Alabama,-9.3
1954,2020,107,E Michigan,-9.3
1955,2020,108,Buffalo,-9.6
1956,2020,109,Troy,-10.3
1957,2020,110,E Carolina,-10.4
1958,2020,111,Nevada,-10.7
1959,2020,112,North Texas,-10.7
1960,2020,113,Central Mich,-10.8
1961,2020,114,Toledo,-10.9
1962,2020,115,LA Tech,-11.0
1963,2020,116,Florida Intl,-11.0
1964,2020,117,Texas St,-11.0
1965,2020,118,Charlotte,-11.3
1966,2020,119,New Mexico,-11.4
1967,2020,120,UAB,-11.6
1968,2020,121,Coastal Car,-12.2
1969,2020,122,Liberty,-12.3
1970,2020,123,Old Dominion,-12.8
1971,2020,124,Connecticut,-13.4
1972,2020,125,UTSA,-13.8
1973,2020,126,N Mex State,-14.0
1974,2020,127,Bowling Grn,-17.4
1975,2020,128,TX El Paso,-17.5
1976,2020,129,Akron,-18.7
1977,2020,130,U Mass,-23.0
1978,2021,1,Ohio St,18.2
1979,2021,2,Alabama,17.0
1980,2021,3,Clemson,13.3
1981,2021,4,Georgia,12.8
1982,2021,5,Florida,12.1
1983,2021,6,Oklahoma,12.1
1984,2021,7,Notre Dame,11.9
1985,2021,8,Texas A&M,11.2
1986,2021,9,Iowa St,11.1
1987,2021,10,Arkansas,10.5
1988,2021,11,Auburn,10.4
1989,2021,12,Wisconsin,10.1
1990,2021,13,Oklahoma St,9.4
1991,2021,14,Indiana,9.2
1992,2021,15,Texas,9.0
1993,2021,16,Northwestern,8.8
1994,2021,17,LSU,8.6
1995,2021,18,Michigan St,8.5
1996,2021,19,Mississippi,7.9
1997,2021,20,Miss State,7.6
1998,2021,21,Baylor,7.6
1999,2021,22,Tennessee,7.6
2000,2021,23,Iowa,7.5
2001,2021,24,Nebraska,7.4
2002,2021,25,TX Christian,7.2
2003,2021,26,Penn St,7.1
2004,2021,27,Miami,7.0
2005,2021,28,Kentucky,6.8
2006,2021,29,Oregon,6.8
2007,2021,30,Maryland,6.6
2008,2021,31,Michigan,6.6
2009,2021,32,Wake Forest,6.5
2010,2021,33,Wash State,6.4
2011,2021,34,Illinois,6.4
2012,2021,35,VA Tech,6.1
2013,2021,36,S Carolina,6.0
2014,2021,37,USC,5.8
2015,2021,38,Missouri,5.7
2016,2021,39,N Carolina,5.6
2017,2021,40,Kansas St,5.5
2018,2021,41,Minnesota,5.5
2019,2021,42,Kansas,5.3
2020,2021,43,Arizona St,5.1
2021,2021,44,Virginia,4.5
2022,2021,45,UCLA,4.5
2023,2021,46,Stanford,4.5
2024,2021,47,California,4.2
2025,2021,48,W Virginia,4.2
2026,2021,49,Purdue,4.1
2027,2021,50,Cincinnati,4.0
2028,2021,51,Pittsburgh,3.7
2029,2021,52,Texas Tech,3.5
2030,2021,53,Tulsa,3.4
2031,2021,54,Rutgers,3.4
2032,2021,55,Oregon St,3.3
2033,2021,56,Arizona,3.3
2034,2021,57,Boston Col,3.3
2035,2021,58,Vanderbilt,3.3
2036,2021,59,Louisville,3.0
2037,2021,60,UCF,2.7
2038,2021,61,Utah,2.4
2039,2021,62,NC State,2.1
2040,2021,63,Colorado,1.9
2041,2021,64,Syracuse,1.8
2042,2021,65,GA Tech,1.8
2043,2021,66,Houston,1.1
2044,2021,67,BYU,0.7
2045,2021,68,Duke,0.0
2046,2021,69,Florida St,-0.1
2047,2021,70,Boise St,-1.1
2048,2021,71,Navy,-1.2
2049,2021,72,Louisiana,-1.7
2050,2021,73,Washington,-1.9
2051,2021,74,Coastal Car,-2.3
2052,2021,75,E Carolina,-2.4
2053,2021,76,Tulane,-2.7
2054,2021,77,Colorado St,-2.9
2055,2021,78,S Florida,-4.0
2056,2021,79,Memphis,-4.1
2057,2021,80,S Methodist,-4.1
2058,2021,81,San Jose St,-4.3
2059,2021,82,Ball St,-4.4
2060,2021,83,UAB,-4.8
2061,2021,84,Air Force,-4.9
2062,2021,85,San Diego St,-5.0
2063,2021,86,Temple,-5.0
2064,2021,87,N Illinois,-5.3
2065,2021,88,App State,-5.7
2066,2021,89,Texas St,-6.0
2067,2021,90,Georgia St,-6.1
2068,2021,91,Miami,-6.2
2069,2021,92,U Mass,-6.3
2070,2021,93,Hawaii,-6.4
2071,2021,94,Central Mich,-6.7
2072,2021,95,Army,-7.0
2073,2021,96,New Mexico,-7.3
2074,2021,97,UNLV,-7.4
2075,2021,98,E Michigan,-7.4
2076,2021,99,Wyoming,-7.6
2077,2021,100,Troy,-7.6
2078,2021,101,Arkansas St,-7.7
2079,2021,102,Buffalo,-7.7
2080,2021,103,Utah St,-7.9
2081,2021,104,Nevada,-8.2
2082,2021,105,Marshall,-8.3
2083,2021,106,GA Southern,-8.3
2084,2021,107,Liberty,-8.4
2085,2021,108,S Alabama,-8.4
2086,2021,109,W Kentucky,-8.7
2087,2021,110,Toledo,-8.9
2088,2021,111,W Michigan,-9.4
2089,2021,112,Rice,-9.6
2090,2021,113,LA Tech,-9.9
2091,2021,114,Middle Tenn,-10.2
2092,2021,115,UTSA,-10.7
2093,2021,116,Fla Atlantic,-11.4
2094,2021,117,Charlotte,-12.0
2095,2021,118,UL Monroe,-12.0
2096,2021,119,S Mississippi,-12.7
2097,2021,120,Fresno St,-12.7
2098,2021,121,North Texas,-15.0
2099,2021,122,Kent St,-15.0
2100,2021,123,Florida Intl,-15.1
2101,2021,124,Ohio,-16.7
2102,2021,125,Akron,-17.9
2103,2021,126,Bowling Grn,-18.0
2104,2021,127,TX El Paso,-20.2
2105,2022,1,Georgia,15.7
2106,2022,2,Alabama,15.3
2107,2022,3,Michigan,12.4
2108,2022,4,Ohio St,11.2
2109,2022,5,Auburn,9.4
2110,2022,6,Nebraska,9.3
2111,2022,7,Oklahoma St,8.9
2112,2022,8,Arkansas,8.8
2113,2022,9,Penn St,8.7
2114,2022,10,Wisconsin,8.6
2115,2022,11,Clemson,8.1
2116,2022,12,Mississippi,8.0
2117,2022,13,Purdue,8.0
2118,2022,14,Iowa St,8.0
2119,2022,15,Michigan St,7.6
2120,2022,16,Oklahoma,7.4
2121,2022,17,Baylor,7.3
2122,2022,18,Texas,7.2
2123,2022,19,LSU,7.0
2124,2022,20,Iowa,6.9
2125,2022,21,Notre Dame,6.9
2126,2022,22,Tennessee,6.2
2127,2022,23,Texas A&M,6.0
2128,2022,24,Indiana,5.4
2129,2022,25,Utah,5.4
2130,2022,26,Miss State,5.4
2131,2022,27,W Virginia,5.3
2132,2022,28,Minnesota,5.1
2133,2022,29,Cincinnati,5.1
2134,2022,30,Oregon,5.0
2135,2022,31,Kansas St,5.0
2136,2022,32,Miami,4.6
2137,2022,33,Florida,4.3
2138,2022,34,Florida St,4.2
2139,2022,35,NC State,4.0
2140,2022,36,Wake Forest,3.9
2141,2022,37,Texas Tech,3.9
2142,2022,38,Maryland,3.8
2143,2022,39,Pittsburgh,3.7
2144,2022,40,TX Christian,3.7
2145,2022,41,Illinois,3.6
2146,2022,42,Louisville,3.5
2147,2022,43,Kentucky,3.3
2148,2022,44,S Carolina,3.2
2149,2022,45,Virginia,3.2
2150,2022,46,Stanford,3.0
2151,2022,47,N Carolina,3.0
2152,2022,48,UCLA,2.1
2153,2022,49,Arizona St,2.0
2154,2022,50,USC,1.9
2155,2022,51,Rutgers,1.5
2156,2022,52,Colorado,1.4
2157,2022,53,Oregon St,1.3
2158,2022,54,BYU,1.2
2159,2022,55,Syracuse,1.2
2160,2022,56,Missouri,0.9
2161,2022,57,Tulane,0.9
2162,2022,58,Boise St,0.6
2163,2022,59,Navy,0.5
2164,2022,60,Wash State,0.5
2165,2022,61,GA Tech,0.4
2166,2022,62,VA Tech,0.3
2167,2022,63,Washington,-0.3
2168,2022,64,California,-0.6
2169,2022,65,Arizona,-0.9
2170,2022,66,Northwestern,-1.0
2171,2022,67,Houston,-1.2
2172,2022,68,E Carolina,-1.4
2173,2022,69,S Methodist,-1.4
2174,2022,70,UCF,-1.4
2175,2022,71,App State,-1.7
2176,2022,72,Boston Col,-1.7
2177,2022,73,Tulsa,-2.0
2178,2022,74,Army,-2.0
2179,2022,75,S Florida,-2.5
2180,2022,76,W Kentucky,-3.1
2181,2022,77,Kansas,-3.3
2182,2022,78,Nevada,-3.6
2183,2022,79,UAB,-3.7
2184,2022,80,Memphis,-3.8
2185,2022,81,Air Force,-4.1
2186,2022,82,Louisiana,-4.2
2187,2022,83,Liberty,-4.2
2188,2022,84,Fresno St,-4.8
2189,2022,85,Marshall,-4.9
2190,2022,86,San Diego St,-5.4
2191,2022,87,Georgia St,-5.4
2192,2022,88,W Michigan,-5.5
2193,2022,89,UTSA,-5.8
2194,2022,90,Utah St,-6.3
2195,2022,91,Central Mich,-6.5
2196,2022,92,Vanderbilt,-6.7
2197,2022,93,Colorado St,-7.1
2198,2022,94,Ball St,-7.2
2199,2022,95,Miami,-7.5
2200,2022,96,N Illinois,-7.5
2201,2022,97,Duke,-8.0
2202,2022,98,UNLV,-8.1
2203,2022,99,Middle Tenn,-8.5
2204,2022,100,GA Southern,-8.6
2205,2022,101,Fla Atlantic,-8.6
2206,2022,102,Troy,-8.7
2207,2022,103,Toledo,-8.8
2208,2022,104,North Texas,-8.9
2209,2022,105,Kent St,-9.0
2210,2022,106,San Jose St,-9.3
2211,2022,107,Wyoming,-9.3
2212,2022,108,Hawaii,-9.3
2213,2022,109,Old Dominion,-9.4
2214,2022,110,LA Tech,-9.6
2215,2022,111,E Michigan,-9.6
2216,2022,112,UL Monroe,-9.8
2217,2022,113,Arkansas St,-10.2
2218,2022,114,Coastal Car,-10.2
2219,2022,115,Rice,-10.3
2220,2022,116,Buffalo,-10.8
2221,2022,117,Ohio,-10.9
2222,2022,118,S Alabama,-11.5
2223,2022,119,Temple,-12.0
2224,2022,120,TX El Paso,-12.3
2225,2022,121,New Mexico,-12.6
2226,2022,122,Bowling Grn,-12.7
2227,2022,123,Charlotte,-12.9
2228,2022,124,Texas St,-13.2
2229,2022,125,S Mississippi,-13.4
2230,2022,126,Akron,-15.9
2231,2022,127,Florida Intl,-16.0
2232,2022,128,N Mex State,-16.2
2233,2022,129,Connecticut,-16.6
2234,2022,130,U Mass,-19.1
2235,2023,1,Georgia,15.6
2236,2023,2,Alabama,14.8
2237,2023,3,Ohio St,14.7
2238,2023,4,Tennessee,14.3
2239,2023,5,LSU,12.8
2240,2023,6,TX Christian,12.3
2241,2023,7,Kansas St,12.0
2242,2023,8,Texas,11.8
2243,2023,9,Michigan,10.8
2244,2023,10,Penn St,10.7
2245,2023,11,Miss State,10.3
2246,2023,12,Texas Tech,9.3
2247,2023,13,Oklahoma,8.9
2248,2023,14,Florida,8.9
2249,2023,15,Auburn,8.5
2250,2023,16,Kansas,8.3
2251,2023,17,Utah,8.3
2252,2023,18,Iowa St,8.0
2253,2023,19,Baylor,7.9
2254,2023,20,W Virginia,7.8
2255,2023,21,Clemson,7.6
2256,2023,22,Oklahoma St,7.5
2257,2023,23,Arkansas,7.4
2258,2023,24,Florida St,7.3
2259,2023,25,Mississippi,7.2
2260,2023,26,Michigan St,7.1
2261,2023,27,Oregon,7.0
2262,2023,28,S Carolina,6.9
2263,2023,29,Texas A&M,6.6
2264,2023,30,Louisville,6.6
2265,2023,31,USC,6.6
2266,2023,32,Kentucky,6.3
2267,2023,33,Notre Dame,6.3
2268,2023,34,Purdue,6.2
2269,2023,35,Iowa,5.9
2270,2023,36,Maryland,5.6
2271,2023,37,Wisconsin,5.5
2272,2023,38,Oregon St,5.5
2273,2023,39,Illinois,5.0
2274,2023,40,Syracuse,4.9
2275,2023,41,NC State,4.8
2276,2023,42,Missouri,4.6
2277,2023,43,Minnesota,4.3
2278,2023,44,Washington,4.2
2279,2023,45,Indiana,4.0
2280,2023,46,Wake Forest,4.0
2281,2023,47,Stanford,3.7
2282,2023,48,Wash State,3.7
2283,2023,49,N Carolina,3.6
2284,2023,50,Colorado,3.3
2285,2023,51,Tulane,3.3
2286,2023,52,Pittsburgh,3.0
2287,2023,53,Northwestern,2.6
2288,2023,54,UCLA,2.6
2289,2023,55,GA Tech,2.4
2290,2023,56,S Methodist,2.3
2291,2023,57,Nebraska,2.0
2292,2023,58,UCF,1.9
2293,2023,59,Vanderbilt,1.3
2294,2023,60,Arizona,1.3
2295,2023,61,Arizona St,0.8
2296,2023,62,Houston,0.7
2297,2023,63,Cincinnati,0.5
2298,2023,64,Navy,0.4
2299,2023,65,BYU,0.4
2300,2023,66,California,0.4
2301,2023,67,Rutgers,0.4
2302,2023,68,Miami,-0.1
2303,2023,69,Virginia,-0.3
2304,2023,70,Memphis,-0.4
2305,2023,71,E Carolina,-0.6
2306,2023,72,Boston Col,-0.7
2307,2023,73,Duke,-0.7
2308,2023,74,S Florida,-1.2
2309,2023,75,VA Tech,-2.4
2310,2023,76,Troy,-3.1
2311,2023,77,Tulsa,-3.1
2312,2023,78,App State,-3.5
2313,2023,79,Fresno St,-3.5
2314,2023,80,Georgia St,-3.7
2315,2023,81,Old Dominion,-3.7
2316,2023,82,UTSA,-3.9
2317,2023,83,James Mad,-3.9
2318,2023,84,Marshall,-4.2
2319,2023,85,GA Southern,-4.5
2320,2023,86,Boise St,-4.8
2321,2023,87,Coastal Car,-5.1
2322,2023,88,W Kentucky,-5.2
2323,2023,89,Louisiana,-5.6
2324,2023,90,North Texas,-5.7
2325,2023,91,UAB,-5.8
2326,2023,92,Kent St,-6.1
2327,2023,93,S Alabama,-6.3
2328,2023,94,Temple,-6.5
2329,2023,95,Army,-6.8
2330,2023,96,Liberty,-6.9
2331,2023,97,S Mississippi,-7.0
2332,2023,98,UL Monroe,-7.1
2333,2023,99,Air Force,-7.2
2334,2023,100,San Diego St,-7.6
2335,2023,101,Ohio,-7.9
2336,2023,102,Fla Atlantic,-7.9
2337,2023,103,Wyoming,-8.2
2338,2023,104,Arkansas St,-8.4
2339,2023,105,Toledo,-8.4
2340,2023,106,Rice,-8.7
2341,2023,107,Miami,-8.7
2342,2023,108,W Michigan,-9.0
2343,2023,109,Bowling Grn,-9.0
2344,2023,110,Central Mich,-9.0
2345,2023,111,Buffalo,-9.2
2346,2023,112,Middle Tenn,-9.2
2347,2023,113,Utah St,-9.3
2348,2023,114,Ball St,-9.6
2349,2023,115,Connecticut,-9.7
2350,2023,116,N Illinois,-9.7
2351,2023,117,UNLV,-9.7
2352,2023,118,Texas St,-9.8
2353,2023,119,Akron,-9.9
2354,2023,120,E Michigan,-10.5
2355,2023,121,San Jose St,-10.7
2356,2023,122,Nevada,-11.2
2357,2023,123,TX El Paso,-11.2
2358,2023,124,LA Tech,-11.3
2359,2023,125,Colorado St,-11.6
2360,2023,126,New Mexico,-11.8
2361,2023,127,Charlotte,-11.8
2362,2023,128,Hawaii,-12.6
2363,2023,129,U Mass,-12.7
2364,2023,130,Florida Intl,-15.2
2365,2023,131,N Mex State,-16.1
2366,2024,1,Alabama,15.2
2367,2024,2,Ohio St,13.5
2368,2024,3,Michigan,13.4
2369,2024,4,Georgia,12.7
2370,2024,5,Washington,12.5
2371,2024,6,Texas,11.7
2372,2024,7,LSU,11.7
2373,2024,8,Missouri,11.4
2374,2024,9,Penn St,11.3
2375,2024,10,Mississippi,11.3
2376,2024,11,Notre Dame,9.7
2377,2024,12,Oregon,9.5
2378,2024,13,Tennessee,9.5
2379,2024,14,Kansas St,9.2
2380,2024,15,Florida St,9.2
2381,2024,16,Texas A&M,9.0
2382,2024,17,Oklahoma,8.5
2383,2024,18,USC,8.4
2384,2024,19,Florida,8.3
2385,2024,20,Oregon St,7.8
2386,2024,21,Clemson,7.3
2387,2024,22,Auburn,6.9
2388,2024,23,S Carolina,6.9
2389,2024,24,Kentucky,6.8
2390,2024,25,Utah,6.7
2391,2024,26,TX Christian,6.7
2392,2024,27,Arizona,6.2
2393,2024,28,Louisville,6.2
2394,2024,29,Texas Tech,6.2
2395,2024,30,Iowa St,5.9
2396,2024,31,Oklahoma St,5.8
2397,2024,32,Kansas,5.4
2398,2024,33,Duke,5.3
2399,2024,34,NC State,5.1
2400,2024,35,Maryland,5.0
2401,2024,36,Miami,4.7
2402,2024,37,Rutgers,4.6
2403,2024,38,California,4.5
2404,2024,39,Miss State,4.4
2405,2024,40,W Virginia,4.4
2406,2024,41,GA Tech,3.8
2407,2024,42,Arkansas,3.8
2408,2024,43,UCF,3.8
2409,2024,44,Colorado,3.7
2410,2024,45,Wash State,3.7
2411,2024,46,Iowa,3.6
2412,2024,47,Wisconsin,3.2
2413,2024,48,BYU,3.1
2414,2024,49,N Carolina,3.1
2415,2024,50,Virginia,3.0
2416,2024,51,UCLA,2.7
2417,2024,52,Purdue,2.6
2418,2024,53,Illinois,2.5
2419,2024,54,Arizona St,2.4
2420,2024,55,Pittsburgh,2.3
2421,2024,56,Northwestern,2.3
2422,2024,57,Houston,2.2
2423,2024,58,Baylor,1.9
2424,2024,59,Michigan St,1.8
2425,2024,60,Indiana,1.4
2426,2024,61,Wake Forest,1.4
2427,2024,62,Vanderbilt,1.3
2428,2024,63,Minnesota,1.2
2429,2024,64,VA Tech,1.2
2430,2024,65,Stanford,1.0
2431,2024,66,Nebraska,0.8
2432,2024,67,Cincinnati,0.6
2433,2024,68,S Methodist,0.2
2434,2024,69,Boise St,-0.7
2435,2024,70,Boston Col,-1.1
2436,2024,71,Troy,-1.5
2437,2024,72,Tulane,-1.8
2438,2024,73,Syracuse,-1.8
2439,2024,74,Memphis,-2.3
2440,2024,75,San Jose St,-2.6
2441,2024,76,James Mad,-3.3
2442,2024,77,Marshall,-3.9
2443,2024,78,S Alabama,-4.1
2444,2024,79,Wyoming,-4.2
2445,2024,80,UTSA,-4.3
2446,2024,81,App State,-4.5
2447,2024,82,Coastal Car,-4.6
2448,2024,83,UNLV,-4.7
2449,2024,84,E Carolina,-5.3
2450,2024,85,Old Dominion,-5.3
2451,2024,86,Air Force,-5.4
2452,2024,87,Georgia St,-5.7
2453,2024,88,Rice,-5.8
2454,2024,89,Fla Atlantic,-5.9
2455,2024,90,Bowling Grn,-6.5
2456,2024,91,UAB,-6.6
2457,2024,92,Liberty,-6.7
2458,2024,93,Army,-6.8
2459,2024,94,Fresno St,-6.9
2460,2024,95,S Florida,-6.9
2461,2024,96,San Diego St,-7.0
2462,2024,97,S Mississippi,-7.0
2463,2024,98,Texas St,-7.1
2464,2024,99,W Kentucky,-7.1
2465,2024,100,GA Southern,-7.2
2466,2024,101,Arkansas St,-7.4
2467,2024,102,Miami,-7.4
2468,2024,103,Navy,-7.4
2469,2024,104,Charlotte,-7.4
2470,2024,105,North Texas,-7.5
2471,2024,106,Utah St,-7.6
2472,2024,107,Toledo,-7.6
2473,2024,108,Louisiana,-7.7
2474,2024,109,Tulsa,-7.8
2475,2024,110,UL Monroe,-7.9
2476,2024,111,Colorado St,-7.9
2477,2024,112,Jksnville St,-8.2
2478,2024,113,Middle Tenn,-8.4
2479,2024,114,W Michigan,-8.5
2480,2024,115,Connecticut,-8.7
2481,2024,116,N Mex State,-9.0
2482,2024,117,TX El Paso,-9.0
2483,2024,118,Sam Hous St,-9.2
2484,2024,119,Ohio,-9.4
2485,2024,120,Temple,-9.4
2486,2024,121,Nevada,-9.4
2487,2024,122,LA Tech,-9.8
2488,2024,123,Hawaii,-9.9
2489,2024,124,Central Mich,-10.0
2490,2024,125,Buffalo,-10.1
2491,2024,126,Ball St,-10.2
2492,2024,127,New Mexico,-10.6
2493,2024,128,U Mass,-10.7
2494,2024,129,Florida Intl,-11.3
2495,2024,130,N Illinois,-11.4
2496,2024,131,E Michigan,-13.3
2497,2024,132,Akron,-13.3
2498,2024,133,Kent St,-13.9
